,10y window,20y window
1872,,
1873,,
1874,,
1875,,
1876,,
1877,,
1878,,
1879,,
1880,,
1881,-0.0799833618500234,
1882,0.02190991321242237,
1883,0.13949584037868581,
1884,0.22305088995402692,
1885,0.3878745604535432,
1886,0.4346431852816027,
1887,0.5731269731744262,
1888,0.5285074110227435,
1889,0.3958880158505622,
1890,0.28563753383075174,
1891,0.23685694881484726,0.14406330137845974
1892,0.21874768656082685,0.15398618076014928
1893,0.13395477522399712,0.2162611281044251
1894,0.19876518398418688,0.2050375041651421
1895,0.018619760805815934,0.287631704531548
1896,0.11373880262463457,0.38561333500057776
1897,0.06803082879839167,0.42142945877872695
1898,0.2818375141459544,0.44782892106565636
1899,0.24897508838793903,0.31910791889969375
1900,-0.0039752306476069305,0.1630522675824256
1901,-0.09990560877598503,0.08676135749573345
1902,-0.07878770399423726,0.09194825760673857
1903,0.20488579763816478,0.16975448567479526
1904,0.21606448783626162,0.16478189866199294
1905,0.1974672559081434,0.10425272828655063
1906,0.4658606543380262,0.1250995684523485
1907,0.5144634123191961,0.21638365379429655
1908,0.6915843595797669,0.3421896099490727
1909,0.6844802805702168,0.3259456675084833
1910,0.588499515514678,0.27010510649978453
1911,0.5778745118498981,0.2601566905254169
1912,0.4662927992617707,0.23264541314342624
1913,0.09879938284168366,0.12719438147267814
1914,0.12614332744641762,0.15382349979061935
1915,0.2813533496661499,0.25232324357099445
1916,0.29465758663788666,0.2938624811675434
1917,0.3118704934881539,0.3592591455649346
1918,0.31367431681061037,0.36132235287721687
1919,0.2157399580096662,0.3024775227910621
1920,0.16566438954522286,0.24805018286280328
1921,0.23141369271727508,0.24255752114683207
1922,0.2506683766313296,0.25328643714842225
1923,0.3004916708726376,0.202733258685558
1924,0.3070787350574033,0.2717292725792
1925,0.2997288842827756,0.2968605157186836
1926,0.30081089773941405,0.3039612819980502
1927,-0.08708503140700129,0.1943751538265051
1928,-0.2440416900561735,0.08949227752625874
1929,-0.26118122493426027,0.07474152068258234
1930,-0.1553559875466183,0.09718076147064693
1931,0.2845390790061391,0.2442167372551503
1932,0.20157971548215714,0.21944140654094102
1933,0.25585428364888985,0.2558230921649306
1934,0.18218220445908676,0.23099261309047903
1935,0.12758597444246256,0.18937756849091694
1936,0.05592188600682452,0.1405698783223704
1937,0.0785838871929024,0.08883955580277246
1938,0.26875820168034564,0.08206990458777166
1939,0.32050921262957915,0.12069494325244079
1940,0.2674897224455784,0.10658373740747512
1941,0.13104440221747649,0.20194972571443215
1942,0.23525158389742853,0.1784505538283132
1943,0.07297520998253808,0.17626503046858624
1944,0.18886270551252582,0.14710936990813184
1945,0.15273847528344128,0.12363139907200124
1946,0.22410890736904654,0.146666778676386
1947,0.4306468035761658,0.14308422293311612
1948,0.36857955531053505,0.21132341648293615
1949,0.41947441719916095,0.244383356336004
1950,0.5633553408185701,0.19055491442269348
1951,0.2195754919395787,0.05155352214459492
1952,0.2133625323523627,0.16840137392790622
1953,-0.0616942766085427,0.0025282971682117233
1954,0.03906762213665847,0.10767077329137349
1955,-0.3160325414125535,-0.08618425270129824
1956,-0.1084767880472025,-0.04404333693066004
1957,-0.45466285753420765,-0.10573745634751096
1958,-0.5150485350720725,-0.23623492257345977
1959,-0.4203462268465655,-0.19259362805307256
1960,-0.5141045939758865,-0.23533130673981018
1961,-0.5038984042733422,-0.3658004159857887
1962,-0.542073863165399,-0.4156601639846247
1963,-0.5256541623958451,-0.4217002932684869
1964,-0.6474209886695999,-0.424022428682468
1965,-0.6078998012870244,-0.4750421722545986
1966,-0.6548176741114758,-0.5048598402764539
1967,-0.6180491488020078,-0.5304504996964866
1968,-0.5293605719219211,-0.5258922719229873
1969,-0.10647215998413823,-0.2954627820630454
1970,-0.09255567932884477,-0.30701376401043284
1971,-0.008691774873934672,-0.28565286546312574
1972,0.02870884743800563,-0.2805993877473344
1973,0.049075417889962815,-0.2679550867108207
1974,0.08047880150482414,-0.2611899952260688
1975,0.0965354800940176,-0.18573445861304616
1976,0.2063266494866912,-0.08594565353377612
1977,0.33716487109741927,-0.040361538104282425
1978,0.3354523216086597,0.054867513478806425
1979,0.16246139360221082,0.05665277056699509
1980,0.08354259703272454,0.010790122019901982
1981,-0.00012108525291337752,-0.004057517418552551
1982,0.1640237319465609,0.11658547457230299
1983,0.1140303939346002,0.12241575333951765
1984,-0.026566584202126427,0.11002483207527172
1985,0.24014536784728058,0.23105533438025697
1986,0.27706181164073385,0.25877369383991367
1987,0.30896834387664096,0.32016242147051904
1988,0.2573181040361408,0.3269567406006361
1989,0.30568266668855926,0.29669575705935675
1990,0.5665062565698783,0.33022500223447976
1991,0.5599148480229921,0.3413806142911681
1992,0.6591679319549034,0.3641779636111282
1993,0.7651282944200513,0.33924457916227674
1994,0.8514285786902729,0.3671705753304717
1995,0.8427377041172764,0.5142131003146824
1996,0.76321063634065,0.4705961274378894
1997,0.6699823075553959,0.4284956996035019
1998,0.6805145551563566,0.4114851310068257
1999,0.5102959460102945,0.37325996660778477
2000,0.33336222889889844,0.40604833035399335
2001,0.3003476958662947,0.41285523141783376
2002,0.1464180428774472,0.35026727645359274
2003,0.11608307161958827,0.3472113988497261
2004,0.012704814610070277,0.36734837979081314
2005,-0.3427245279392678,0.3099634159618653
2006,-0.3112104322365511,0.2658269273327918
2007,-0.45062854734340974,0.21467771342275868
2008,-0.8598062283973499,-0.014443557746354597
2009,-0.8942430943826204,-0.17294753780964173
2010,-0.9079479444305016,-0.17923461632480506
2011,-0.8856064041865124,-0.23193094274601864
2012,-0.873683995755624,-0.24232335133845193
2013,-0.8790006595495845,-0.30640662128395624
2014,-0.8483899445406993,-0.3744663399354515
2015,-0.8275515747808766,-0.6125522335305583
2016,-0.8176895031459408,-0.5996579550503807
2017,-0.8146131898628101,-0.6785533016027909
2018,-0.5392158157920524,-0.7627086672626853
2019,-0.18150415249218396,-0.6709229415016128
2020,-0.13502686615283627,-0.6220878057546103
2021,-0.04310595790541954,-0.664445931774037
2022,0.438006046053974,-0.28501849661477185
2023,0.6481555638824366,-0.29026086170417137
2024,0.6207006367490837,-0.29624561355341733
2025,0.6433396644488801,-0.29302230344222674
