dist,true_rho,stat,p05,p50,p95,p99
normal,0.0,C1_abs_share,0.09139989446482963,0.13354400885328122,0.21681618992752827,0.26984386830224405
normal,0.0,C3_abs_share,0.24483189817024126,0.3208621509278795,0.4270708442612253,0.4782339353698861
normal,0.0,C5_abs_share,0.36986600152942045,0.45662205058015315,0.5620224843968605,0.6104231867141062
normal,0.0,max_abs_influence,0.056792535446986835,0.09117258435175235,0.15949990884491358,0.20476224424740627
normal,0.0,rho_hat,-0.28028452892997174,-0.00321521460497775,0.27415980406681095,0.3893370319240643
normal,0.3,C1_abs_share,0.09474836525192668,0.1421556993816066,0.23777478757439455,0.2990594384312724
normal,0.3,C3_abs_share,0.2535507663894407,0.33667484621991717,0.4538501380027453,0.5060473694864103
normal,0.3,C5_abs_share,0.3806144899712424,0.4735838626339609,0.5847026544253902,0.6323239258336865
normal,0.3,max_abs_influence,0.0499989085739504,0.0832645686192216,0.14840630682653788,0.1887065732702599
normal,0.3,rho_hat,0.029930530440761043,0.3034741047305229,0.5377029720144643,0.6193475158743995
normal,0.6,C1_abs_share,0.10412194549588905,0.15668076587635385,0.26158704315825176,0.3266767325500916
normal,0.6,C3_abs_share,0.2758760707258656,0.367579710906886,0.49158616890301343,0.5496006679514258
normal,0.6,C5_abs_share,0.4103252734339844,0.511196263862288,0.6268731279164457,0.6767024184343199
normal,0.6,max_abs_influence,0.032585172428388834,0.059175527067008016,0.11166562537830985,0.14711367574808282
normal,0.6,rho_hat,0.39275867615764776,0.6048664638086747,0.7546406574890555,0.8023497219320874
t4,0.0,C1_abs_share,0.11655172336957366,0.20888545868964942,0.488272371356005,0.6976039294730266
t4,0.0,C3_abs_share,0.29926155771061314,0.4418503896052237,0.6802129655814523,0.8073796471034014
t4,0.0,C5_abs_share,0.43554492645270265,0.5784056266305986,0.7672383534335412,0.860883255022032
t4,0.0,max_abs_influence,0.06718611666182021,0.14061301850315472,0.38442724098847686,0.6222312312119135
t4,0.0,rho_hat,-0.401162692256356,0.0031505727920950665,0.4053586981439549,0.5677231775302379
t4,0.3,C1_abs_share,0.11930886403898158,0.21621825218831786,0.507524745328942,0.6998983217485799
t4,0.3,C3_abs_share,0.30542136156648925,0.4516501744504686,0.6958963032650858,0.8129624072381588
t4,0.3,C5_abs_share,0.44393917024303514,0.5892514843882338,0.7809633310455552,0.8647419396736273
t4,0.3,max_abs_influence,0.06019569798621611,0.12863177870793013,0.36084667586446545,0.5819945527175266
t4,0.3,rho_hat,-0.10750828434006239,0.30613254468937656,0.6289660358794368,0.7502273081308194
t4,0.6,C1_abs_share,0.1265153713940885,0.22769587122193974,0.5206396642631884,0.6962825350307577
t4,0.6,C3_abs_share,0.3219651710076499,0.47291412898083035,0.7134856462785205,0.8163818248473872
t4,0.6,C5_abs_share,0.46398238604078834,0.612860441197824,0.8004383935613182,0.8721586266574387
t4,0.6,max_abs_influence,0.0387925284161991,0.09165434464959002,0.2682247352616016,0.4450416462958747
t4,0.6,rho_hat,0.2912046576655578,0.610174566553376,0.8113970743764579,0.8760591498504461
