start,end,months,rho36_start,rho36_end,d_rho36,d_rho12,d_rho60,d_rho_trim3,robust_ratio,d_spearman,sum_entry,sum_exit,sum_mean_shift,sum_rescaling,top3_share,n_eff_months,top3_months,S_start,S_end,C3_end,max_LOO_end,n_flip_end,ms_prob_pos_start,ms_prob_pos_end,classification
1956-04,1957-09,17,-0.175325139745898,-0.48395892115655254,-0.30863378141065456,-0.2382892893423309,,-0.3629755950643211,1.1760721506417398,-0.34954954954954953,-0.22122821442225057,-0.05691000754563911,0.0013821735581213113,0.06092324524853511,0.66406418562041,15.262499863347037,"1957-02 (enter, +0.09); 1957-01 (enter, +0.07); 1956-07 (enter, +0.04)",0.5,0.25,0.3168604931378041,0.05879767608575276,9.0,0.0007814473348450886,0.004626066716340443,Mixed (shock + broad shift)
1957-09,1971-09,168,-0.48395892115655254,0.4522626525823839,0.9362215737389364,1.1908151281208506,,0.5532598406379731,0.5909496813114974,0.8985842985842986,0.8833617262832236,0.4024651452096253,0.010562915462720493,-0.3601682132166328,0.508907291749781,55.731117111724906,"1970-05 (enter, +0.20); 1966-08 (enter+exit, +0.14); 1969-12 (enter, +0.14)",0.25,0.6388888888888888,0.44299845635168095,0.09555262857890229,8.0,0.004626066716340443,0.9759645970891816,Persistent / broad-based
1971-09,1974-03,30,0.4522626525823839,0.05827684050765755,-0.3939858120747264,-0.46233267978461506,-0.039753183936133474,-0.38652513674511146,0.9810635939138848,-0.42934362934362935,0.04266647991855821,-0.5666984176149596,-0.01837027389627147,0.14841639951794655,1.116089221891888,15.150047851849811,"1970-05 (exit, +0.23); 1970-12 (exit, +0.12); 1969-12 (exit, +0.09)",0.6388888888888888,0.4722222222222222,0.279027719450484,0.06464358529288566,1.0,0.9759645970891816,0.9960362899995906,Shock EXIT (window artifact)
1974-03,1978-04,49,0.05827684050765755,0.5765247162484594,0.5182478757408018,0.315759232855604,-0.013045402155157926,0.5866399715416516,1.131967923077519,0.5250965250965252,0.555762015975755,-0.15557677657850172,-0.025227651141450973,0.14329028748499933,0.3542044469075705,34.96085063465524,"1976-01 (enter, +0.08); 1975-08 (enter, +0.05); 1975-10 (enter, +0.05)",0.4722222222222222,0.7222222222222222,0.41048796751236916,0.0594855462004078,10.0,0.9960362899995906,0.9931187946101543,Persistent / broad-based
1978-04,1980-04,24,0.5765247162484594,0.056202932787744755,-0.5203217834607146,-0.37596023746912755,-0.10268966378132552,-0.3416805010206016,0.6566715288144365,-0.2934362934362935,0.13896133307348607,-0.5358482651500276,-0.015746995156030303,-0.10768785622814271,0.9183280092341553,16.702607194984804,"1980-02 (enter, +0.20); 1976-01 (exit, +0.15); 1975-08 (exit, +0.13)",0.7222222222222222,0.5833333333333334,0.48714945724826003,0.16146184496025856,1.0,0.9931187946101543,0.988387912745721,Shock EXIT (window artifact)
1980-04,1985-08,64,0.056202932787744755,0.5891086523471205,0.5329057195593757,0.11804630893059068,0.22470544898579828,0.2455033013330407,0.4606880585482007,0.27670527670527667,0.6374545573759349,-0.28529411430613366,-0.039501247347442606,0.22024652383701723,0.5469864885917995,24.50721207039773,"1982-10 (enter, +0.11); 1982-09 (enter, +0.10); 1980-05 (enter+exit, +0.08)",0.5833333333333334,0.6666666666666666,0.5491032010078115,0.08143209362358639,99.0,0.988387912745721,0.9985788301990194,Mixed (shock + broad shift)
1985-08,1989-04,44,0.5891086523471205,0.045361927143517604,-0.5437467252036029,0.6871723211700125,-0.18160478690248177,0.04388695902927253,-0.08071213488750541,-0.15546975546975544,0.4717726073225919,-0.9815575695480542,-0.041662413313582974,0.007700650335442351,1.0312146997279115,19.65796850034108,"1982-10 (exit, +0.27); 1987-11 (enter, +0.15); 1982-09 (exit, +0.14)",0.6666666666666666,0.75,0.4515126339197615,0.28298917641481797,1.0,0.9985788301990194,0.9996642525263325,Shock EXIT (window artifact)
1989-04,1990-12,20,0.045361927143517604,0.5990724214735991,0.5537104943300815,-0.10267421371846541,0.0046941556576816645,0.1493276132021839,0.26968535856061593,0.322007722007722,0.23719195886655345,0.17932781088096242,-0.004655773089720145,0.1418464976722857,0.6888471243889356,8.206815660793072,"1987-11 (exit, +0.28); 1990-08 (enter, +0.06); 1987-08 (exit, +0.04)",0.75,0.7222222222222222,0.26393929278054057,0.03533487090636389,99.0,0.9996642525263325,0.9994242114943389,Shock EXIT (window artifact)
1990-12,1994-02,38,0.5990724214735991,0.20119177037419583,-0.39788065109940324,-0.15957627741028013,0.14889625768946113,-0.20687190724577526,0.5199345750394182,-0.3963963963963964,0.24073015029208536,-0.8059541934554237,-0.038159689534882205,0.2055030815988173,0.6336879409803187,29.285218066265934,"1990-08 (exit, +0.14); 1990-09 (exit, +0.06); 1990-01 (exit, +0.05)",0.7222222222222222,0.5833333333333334,0.26450599368837646,0.06532003698447125,5.0,0.9994242114943389,0.999227663801489,Mixed (shock + broad shift)
1994-02,1996-01,23,0.20119177037419583,0.6958294534469094,0.49463768307271355,0.025656559142927193,0.029737733450710235,0.25241067095384345,0.5102940588469846,0.4041184041184041,0.6822985495355258,-0.07567834997118583,-0.024342403256477713,-0.08764011323514904,0.7302679740811173,17.77611297533165,"1994-04 (enter, +0.16); 1994-03 (enter, +0.11); 1995-02 (enter, +0.09)",0.5833333333333334,0.75,0.38749597967497873,0.053443219232210515,99.0,0.999227663801489,0.9970197438657116,Mixed (shock + broad shift)
1996-01,2003-04,87,0.6958294534469094,-0.47590434830252637,-1.1717338017494359,-1.1515979984263987,-0.8109113583898553,-0.9095428008433337,0.7762367181738355,-1.1459459459459458,-0.4466872028641163,-0.5183653332315932,-0.0142211055475705,-0.19246016010615538,0.24854529810482978,49.98531856026506,"1994-04 (exit, +0.13); 1994-03 (exit, +0.08); 2002-07 (enter, +0.08)",0.75,0.3055555555555556,0.3032063872705672,0.06176012085360294,10.0,0.9970197438657116,0.46159367407691937,Persistent / broad-based
2003-04,2006-04,36,-0.47590434830252637,0.2683449130009427,0.744249261303469,1.0280443458455375,0.11191499378907993,0.3935777438343371,0.528825172288421,0.7227799227799228,0.1076735541815654,0.5842084251289326,0.005024761745415355,0.0473425202475557,0.36249529661837276,24.963103300927507,"2002-07 (exit, +0.11); 2002-09 (exit, +0.10); 2003-05 (enter, +0.07)",0.3055555555555556,0.6111111111111112,0.3379366943159197,0.07921977260797552,4.0,0.46159367407691937,0.8012991398989855,Persistent / broad-based
2006-04,2008-05,25,0.2683449130009427,-0.4319132070266758,-0.7002581200276186,-1.153758574596521,0.09694733087480492,-0.07886065466846491,0.11261655154438567,-0.4633204633204633,-0.6185399255793377,-0.22379238900565307,-0.0020345009418878575,0.14410869549926034,0.7571939855632608,16.941300861298465,"2007-11 (enter, +0.18); 2008-01 (enter, +0.18); 2007-08 (enter, +0.16)",0.6111111111111112,0.5,0.48366196889458435,0.10698201625990195,4.0,0.8012991398989855,0.003790972340555035,Shock ENTRY
2008-05,2009-03,10,-0.4319132070266758,-0.061961520132928036,0.36995168689374774,0.858460990408915,0.08228352609849976,-0.23663989577712563,-0.6396508089043799,0.027541827541827546,0.12070802246607115,-0.005727010998357028,0.008761918242547975,0.24620875718348564,0.6924497094894446,7.792408950255357,"2008-10 (enter, +0.13); 2008-06 (enter, +0.07); 2009-02 (enter, +0.06)",0.5,0.3611111111111111,0.340036080249295,0.12890608372364454,2.0,0.003790972340555035,0.008943732593740822,Shock ENTRY
2009-03,2013-03,48,-0.061961520132928036,-0.7812026834465168,-0.7192411633135888,-0.9157097217956133,-0.24763674106679065,-0.38508859188523203,0.5354095559702186,-0.5191763191763192,-0.5919160936722748,0.23753112441100555,0.02856104418160735,-0.39341723823392705,0.37319154206761546,22.62374208573651,"2011-08 (enter, +0.13); 2009-02 (exit, +0.08); 2008-10 (exit, +0.06)",0.3611111111111111,0.1388888888888889,0.5562750187261076,0.09113898461665781,99.0,0.008943732593740822,0.002807713422071,Persistent / broad-based
2013-03,2020-01,82,-0.7812026834465168,-0.04515951163537464,0.7360431718111421,0.8109776397069044,0.18489122391749532,0.5289716224946173,0.718669288369329,0.6164736164736165,-0.5569349948887401,1.7178315403166529,0.0855719547043803,-0.5104253283211508,1.0694274326286095,12.794822351017384,"2011-08 (exit, +0.58); 2010-05 (exit, +0.10); 2012-05 (exit, +0.10)",0.1388888888888889,0.4444444444444444,0.4834961742337406,0.16964915500254263,1.0,0.002807713422071,0.07181359803839725,Shock EXIT (window artifact)
2020-01,2021-02,13,-0.04515951163537464,-0.5357829308453719,-0.49062341920999725,-0.8189468848033429,-0.2820291330411133,0.03719393736506377,-0.07580954334579772,-0.14568854568854567,-0.8311351305096567,0.011309308320287335,0.02616831944851846,0.3030340835308539,1.6369800892919764,1.8483885784213052,"2020-03 (enter, +0.73); 2018-02 (exit, +0.04); 2020-06 (enter, +0.03)",0.4444444444444444,0.4166666666666667,0.6892028712386615,0.38578222471737,3.0,0.07181359803839725,0.3164073685915067,Shock ENTRY
2021-02,2024-06,40,-0.5357829308453719,0.5733857424243031,1.109168673269675,1.6135649238994074,0.49482653724916636,0.5100012267095498,0.45980493228873576,0.8285714285714285,0.6207447536369664,0.3911247763716429,-0.01038132882345146,0.10768047208451703,0.6028136572634671,8.952253653843592,"2020-03 (exit, +0.46); 2022-09 (enter, +0.13); 2023-12 (enter, +0.09)",0.4166666666666667,0.7777777777777778,0.3774134360831245,0.07415039084268682,99.0,0.3164073685915067,0.8567520206683226,Mixed (shock + broad shift)
2024-06,2025-11,17,0.5733857424243031,0.08772437343442431,-0.48566136898987877,-1.0507798052738655,0.26817374074908196,-0.439841199171268,0.9056540776263272,-0.4795366795366795,-0.08645071349478078,-0.46063284848302105,-0.009823290969058585,0.07124548395698167,0.6945661004729418,8.36946352026245,"2022-09 (exit, +0.20); 2022-10 (exit, +0.09); 2025-03 (enter, +0.05)",0.7777777777777778,0.5555555555555556,0.31986430763512447,0.08759769924216691,2.0,0.8567520206683226,0.4934366728392912,Mixed (shock + broad shift)
