episode_end,window_rho,rank,month,stock_ret,bond_side,c_i,rho_without,influence
1957-09,-0.48395892115655254,1,1956-08,-0.002824466994669872,-0.015966899857937644,0.8929859013855975,-0.5427565972423053,-0.05879767608575276
1957-09,-0.48395892115655254,2,1957-02,-0.03996380879007999,0.01300141651967146,-2.7894543603840978,-0.4386048804621279,0.04535404069442461
1957-09,-0.48395892115655254,3,1955-10,-0.04723599834611347,0.010230612829460695,-2.5458610765252248,-0.4427464037447933,0.04121251741175924
1957-09,-0.48395892115655254,4,1955-11,0.07067468139001032,0.0015386747064236594,0.5561901221843756,-0.5223381118179656,-0.0383791906614131
1957-09,-0.48395892115655254,5,1956-11,-0.007184742647058928,-0.009775273720010524,0.6639144725862131,-0.515887075780639,-0.031928154624086436
1971-09,0.4522626525823837,1,1970-02,-0.03195782120843027,0.04532620308362634,-1.9210703598704428,0.547815281161286,0.09555262857890229
1971-09,0.4522626525823837,2,1970-05,-0.11198694008144261,-0.029501051191179073,5.212746333571369,0.3739820263005273,-0.07828062628185639
1971-09,0.4522626525823837,3,1970-12,0.07156699889258022,0.038690776463458754,3.171594767870203,0.3965735808110621,-0.0556890717713216
1971-09,0.4522626525823837,4,1969-12,-0.050271974500225136,-0.029420739489100622,2.4069804341036747,0.4106526440441632,-0.0416100085382205
1971-09,0.4522626525823837,5,1970-11,0.0020511536486114146,0.041321191952788716,-0.042517606534302296,0.4758356023348667,0.02357294975248303
1974-03,0.05827684050765757,1,1973-10,0.042382157512626195,0.027514947805418632,2.184940789412586,-0.0063667447852280915,-0.06464358529288566
1974-03,0.05827684050765757,2,1972-11,0.05255981599756687,0.02013471181836457,1.9367010636859208,0.001446458464778394,-0.05683038204287918
1974-03,0.05827684050765757,3,1971-09,0.024861168243521137,0.03810330920287042,1.7438936536275782,0.007820904180541807,-0.050455936327115765
1974-03,0.05827684050765757,4,1974-03,0.045764223292313,-0.011875315892394323,-1.34263158408298,0.10197097411913125,0.04369413361147368
1974-03,0.05827684050765757,5,1973-11,-0.06850081208257441,0.009991149117713372,-1.1748959220189394,0.10078646633388999,0.04250962582623242
1978-04,0.5765247162484586,1,1975-08,-0.0699625184704653,-0.01611164002801202,4.509232013733609,0.5170391700480508,-0.0594855462004078
1978-04,0.5765247162484586,2,1976-10,-0.031029486571879872,0.018940201004066015,-1.1986698898560386,0.6347666029078537,0.058241886659395115
1978-04,0.5765247162484586,3,1978-04,0.04833433723635827,-0.0007654895352576796,-0.8020456758058062,0.6205892222076169,0.04406450595915834
1978-04,0.5765247162484586,4,1976-01,0.09545596580232996,0.024628357998788264,4.154009059152633,0.5414022838186316,-0.03512243242982693
1978-04,0.5765247162484586,5,1975-10,0.04970276760757453,0.026715234959473477,2.2513952276144753,0.5467783593615165,-0.02974635688694205
1980-04,0.056202932787744776,1,1980-02,0.04399609257589421,-0.08259847435601764,-3.9824431789157027,0.21766477774800333,0.16146184496025856
1980-04,0.056202932787744776,2,1980-04,-0.011583357211079282,0.0862448859181546,-1.8885670974350544,0.14096919300582883,0.08476626021808406
1980-04,0.056202932787744776,3,1979-10,-0.03348935696746469,-0.05234076235076457,2.604889542502612,-0.02238805593378112,-0.0785909887215259
1980-04,0.056202932787744776,4,1978-08,0.07331286655005664,0.022636052463046674,1.906023324746079,0.00020493011537354305,-0.05599800267237123
1980-04,0.056202932787744776,5,1979-12,0.04407746705239468,0.024928654145078166,1.1906643829273735,0.02198985776264261,-0.034213075025102166
1985-08,0.5891086523471198,1,1982-10,0.08881853894335512,0.09671128692319386,6.50077040622308,0.5076765587235335,-0.08143209362358639
1985-08,0.5891086523471198,2,1982-09,0.12097386812518995,0.05196074669856787,4.346150659797327,0.554175490150788,-0.0349331621963318
1985-08,0.5891086523471198,3,1985-02,0.057894653263403484,0.0018156011347725265,-0.5471721636777103,0.6189651723856908,0.029856520038570977
1985-08,0.5891086523471198,4,1984-08,0.09207846348996251,0.047100937819551714,2.7076058750760894,0.5608091681968452,-0.028299484150274612
1985-08,0.5891086523471198,5,1984-10,-0.00409893638370451,0.03111986034177594,-0.44992011922395475,0.6104159887665322,0.021307336419412404
1989-04,0.04536192714351754,1,1987-11,-0.12301927194860818,0.05138458243869559,-7.128492679932039,0.3283511035583355,0.28298917641481797
1989-04,0.04536192714351754,2,1987-09,-0.030292450920866076,-0.03513369232531416,1.7581542243850803,-0.006735402834865727,-0.05209732997838327
1989-04,0.04536192714351754,3,1986-07,-0.01802441568147861,0.04171137044329054,-1.2091601302515236,0.08565682707196826,0.040294899928450714
1989-04,0.04536192714351754,4,1987-08,0.06455265237020313,-0.013454347344779904,-1.032280188721114,0.07833755544041025,0.03297562829689271
1989-04,0.04536192714351754,5,1987-04,-0.008547008547008517,-0.046510900609435524,1.0572156665944952,0.015695506522439864,-0.029666420621077678
1990-12,0.5990724214735978,1,1990-10,-0.023132140177335336,0.018667270098431832,-0.6714623262087179,0.6344072923799617,0.03533487090636389
1990-12,0.5990724214735978,2,1989-08,0.04693851059556109,0.0005646566168746592,-0.5817743688698371,0.6308250656642461,0.03175264419064827
1990-12,0.5990724214735978,3,1988-03,0.03233565801368976,-0.003914910368096547,-0.5189586599419644,0.6239503616618348,0.02487794018823697
1990-12,0.5990724214735978,4,1989-11,-0.018105138169257295,0.016292259725205094,-0.434166064722047,0.62255210639746,0.0234796849238621
1990-12,0.5990724214735978,5,1990-01,-0.022093134442532025,-0.0185130087492813,1.8511005443904813,0.5787730970908549,-0.020299324382742956
1994-02,0.20119177037419494,1,1992-11,0.027568343434343445,-0.014603310039098982,-1.7228426802759045,0.2665118073586662,0.06532003698447125
1994-02,0.20119177037419494,2,1991-03,0.03044544434016072,-0.01113451051421388,-1.7160701616593572,0.26506165962311495,0.06386988924892001
1994-02,0.20119177037419494,3,1992-01,0.07358883941211292,0.010184116244224883,0.17123671645046387,0.26212026599478855,0.0609284956205936
1994-02,0.20119177037419494,4,1992-02,-0.006000448631673372,-0.015934498129382413,1.646823416492552,0.16196262651039886,-0.039229143863796084
1994-02,0.20119177037419494,5,1991-08,0.026798845435657137,0.0322756849824446,1.5541077244591426,0.16360653127519015,-0.0375852390990048
1996-01,0.6958294534469069,1,1994-04,-0.033455994911709475,-0.02961134564309076,5.524772241021364,0.6423862342146964,-0.053443219232210515
1996-01,0.6958294534469069,2,1995-07,0.03548716047093725,-0.0029624248334337855,-0.8032942883134803,0.744435265171594,0.04860581172468703
1996-01,0.6958294534469069,3,1994-12,-0.010243812498644256,0.016964392583113552,-0.6913431609728317,0.7381309501536161,0.04230149670670913
1996-01,0.6958294534469069,4,1994-03,-0.014230529991376417,-0.032264975972741916,3.416637117920277,0.6669548553328513,-0.028874598114055683
1996-01,0.6958294534469069,5,1993-04,-0.01341498948522013,0.005730371026136272,0.14581449327407345,0.7158786296999722,0.020049176253065237
2003-04,-0.4759043483025256,1,2000-05,-0.02838908049123179,-0.027925698159598777,0.8132344280701835,-0.5376644691561285,-0.06176012085360294
2003-04,-0.4759043483025256,2,2000-06,0.03163362660500435,0.030618221476395924,1.248591668143641,-0.5328319092660536,-0.05692756096352802
2003-04,-0.4759043483025256,3,2002-08,0.011380530255240995,0.03537440932092428,0.8063320970298958,-0.5202396847087484,-0.04433533640622278
2003-04,-0.4759043483025256,4,2002-03,0.049452454716975236,-0.024424618973944323,-2.6600027206211787,-0.4335741544197572,0.042330193882768374
2003-04,-0.4759043483025256,5,2001-05,0.06878679299551016,-0.01488832582473587,-2.4938738845329667,-0.436051824766182,0.03985252353634361
2006-04,0.2683449130009419,1,2003-05,0.05312055648561165,0.035829889850980345,3.3244851099547432,0.18912514039296635,-0.07921977260797552
2006-04,0.2683449130009419,2,2004-07,-0.022374063742049866,0.022313138799025856,-1.7156212954262393,0.3368408388533175,0.06849592585237563
2006-04,0.2683449130009419,3,2004-03,-0.015636661535590846,0.024000109950226056,-1.4933858605836883,0.32658728358491224,0.05824237058397036
2006-04,0.2683449130009419,4,2004-05,-0.025628318549367424,-0.025631105450244274,2.4161131247939456,0.2127240466179944,-0.05562086638294747
2006-04,0.2683449130009419,5,2005-04,-0.024072911726690238,0.016625028876042336,-1.311302030339282,0.3227610151968111,0.05441610219586923
2008-05,-0.4319132070266744,1,2008-01,-0.06634126994857659,0.03320593476902256,-5.562536866053349,-0.32493119076677246,0.10698201625990195
2008-05,-0.4319132070266744,2,2005-10,-0.0262252022970505,-0.017306144830169012,1.890031164733977,-0.5167042402215759,-0.0847910331949015
2008-05,-0.4319132070266744,3,2007-11,-0.0480495693854488,0.03462380878570892,-4.375406678943244,-0.34809291723587793,0.08382028979079648
2008-05,-0.4319132070266744,4,2007-08,-0.041996282438247046,0.030320025698046482,-3.337807774224438,-0.3701413811578956,0.06177182586877883
2008-05,-0.4319132070266744,5,2007-06,0.003461514706336377,-0.02323874303320994,0.23897981039041988,-0.46507693334221045,-0.033163726315536046
2009-03,-0.061961520132927966,1,2008-10,-0.20194635039328745,-0.006822299133703913,2.6441749347727392,-0.1908676038565725,-0.12890608372364454
2009-03,-0.061961520132927966,2,2009-02,-0.06706132817815158,-0.02807505722591186,1.8664839477970687,-0.12406636995375277,-0.0621048498208248
2009-03,-0.061961520132927966,3,2008-12,-0.003526642809687841,0.1007174876584529,0.7166806572579141,-0.118947174528018,-0.05698565439509003
2009-03,-0.061961520132927966,4,2008-01,-0.06634126994857659,0.03320593476902256,-1.2826332547826174,-0.0252183839944682,0.03674313613845977
2009-03,-0.061961520132927966,5,2008-11,-0.08606666896045512,0.026573705738829112,-1.2860115129768808,-0.025319031724313414,0.03664248840861455
2013-03,-0.7812026834465158,1,2011-08,-0.1039888619745094,0.06451643362379311,-10.344258321331687,-0.690063698829858,0.09113898461665781
2013-03,-0.7812026834465158,2,2010-12,0.03714616575888252,-0.04249370402435071,-2.0260609159241665,-0.8080853733443094,-0.026882689897793632
2013-03,-0.7812026834465158,3,2010-05,-0.058820718122325144,0.039328421597482954,-3.5475444378734124,-0.7579107345576795,0.023291948888836234
2013-03,-0.7812026834465158,4,2010-10,0.04578377259692323,0.011842324885444233,0.29658718581185023,-0.8043054012897047,-0.023102717843188958
2013-03,-0.7812026834465158,5,2010-08,0.00864409046942849,0.02945201965776434,-0.06721436403512662,-0.7959124206081619,-0.014709737161646141
2020-01,-0.045159511635374495,1,2018-12,-0.05561073920797488,0.0276497972023233,-5.089366815095745,0.12448964336716814,0.16964915500254263
2020-01,-0.045159511635374495,2,2019-07,0.038284420971915756,0.04106580377046187,3.071193757284732,-0.15933226423890515,-0.11417275260353066
2020-01,-0.045159511635374495,3,2018-02,-0.028856210321727693,-0.022001525826321644,3.3169970163668703,-0.1584838819013706,-0.11332437026599612
2020-01,-0.045159511635374495,4,2018-10,-0.038476362800850206,-0.010261589612464928,2.2285570157688537,-0.12011774161192487,-0.07495822997655038
2020-01,-0.045159511635374495,5,2018-01,0.04863013812885075,-0.013734597145895977,-2.0076713417000143,0.014710934301543195,0.05987044593691769
2021-02,-0.5357829308453708,1,2020-03,-0.18916572657958652,0.06108508010021829,-15.638043075810804,-0.15000070612800076,0.38578222471737
2021-02,-0.5357829308453708,2,2019-07,0.038284420971915756,0.04106580377046187,1.265481496471611,-0.6219646598822797,-0.0861817290369089
2021-02,-0.5357829308453708,3,2018-10,-0.038476362800850206,-0.010261589612464928,1.1391148107152012,-0.5892006188611959,-0.05341768801582514
2021-02,-0.5357829308453708,4,2020-04,0.043187184387533106,0.02087776762849458,0.6481699665796116,-0.566211127283404,-0.030428196438033184
2021-02,-0.5357829308453708,5,2018-12,-0.05561073920797488,0.0276497972023233,-2.0997041676144645,-0.5054760784551483,0.03030685239022246
2024-06,0.5733857424243025,1,2022-09,-0.07276536919414611,-0.049419101731274395,5.062555783584296,0.4992353515816157,-0.07415039084268682
2024-06,0.5733857424243025,2,2022-05,-0.07871433516612514,-0.010622074776483137,0.8031329579081078,0.6107984234194211,0.03741268099511863
2024-06,0.5733857424243025,3,2022-04,0.0011959861300483432,-0.051984101136968164,0.491556396017637,0.6073018665614505,0.03391612413714795
2024-06,0.5733857424243025,4,2023-03,-0.02584548722318014,0.010600273011301287,-0.6831101159635824,0.6065279958739377,0.03314225344963517
2024-06,0.5733857424243025,5,2023-12,0.05175863892709609,0.04295323067855694,2.7548910641663777,0.5447740936606245,-0.028611648763678055
2025-11,0.0877243734344242,1,2023-10,-0.03036688499442819,-0.029437807135376026,2.9811381652321223,0.0001266741922572867,-0.08759769924216691
2025-11,0.0877243734344242,2,2025-03,-0.05768821133674362,0.017426122087903062,-2.0784154484039763,0.1665798346237558,0.07885546118933161
2025-11,0.0877243734344242,3,2023-12,0.05175863892709609,0.04295323067855694,2.708650274908373,0.009023740914871667,-0.07870063251955253
2025-11,0.0877243734344242,4,2024-08,-0.009698961785704951,0.034795387337492656,-1.6346512983119905,0.14467076502503243,0.05694639159060823
2025-11,0.0877243734344242,5,2025-05,0.08340376877560618,-0.007657369005937387,-1.3886801420431125,0.140067034310591,0.052342660876166805
