,6m,12m,24m,36m,60m
1953-05,,,,,
1953-06,,,,,
1953-07,,,,,
1953-08,,,,,
1953-09,,,,,
1953-10,0.2912388431637169,,,,
1953-11,0.41426133557507877,,,,
1953-12,0.19536448317089436,,,,
1954-01,0.19494244978450945,,,,
1954-02,0.08502729958328858,,,,
1954-03,0.4687871739759317,,,,
1954-04,0.07363566645039726,0.2974331103196318,,,
1954-05,-0.5097563803111368,0.15489971980370207,,,
1954-06,-0.07941132632562807,-0.04568381105303389,,,
1954-07,0.07688840053459921,-0.006205752427329822,,,
1954-08,0.18858936941410398,-0.05360438146287481,,,
1954-09,0.38616685664525074,0.14714066448635563,,,
1954-10,0.21043230041295236,0.08077391398984693,,,
1954-11,0.38805158462772255,-0.04111719842156375,,,
1954-12,0.4506927593803552,0.0015526224495370467,,,
1955-01,0.5294733017322828,0.16125188818799024,,,
1955-02,0.5181031817075038,0.16751748251428347,,,
1955-03,0.051205030777039605,0.2534960409897655,,,
1955-04,-0.0016491189039224375,0.08656377616968988,0.0415697887830063,,
1955-05,-0.3113595749876465,0.07058871719323914,-0.006066147316526513,,
1955-06,-0.11264132609182027,0.15610360517202737,-0.12653626457227332,,
1955-07,-0.6556085393328411,-0.4005355775283422,-0.23069205615843427,,
1955-08,-0.51452567844898,-0.3175967297082846,-0.1833805263478551,,
1955-09,-0.29438079230357433,-0.19184969866239862,-0.05800471613925286,,
1955-10,-0.691110768020102,-0.5984161765444587,-0.2798449318630114,,
1955-11,-0.6179833038981345,-0.49632384466515794,-0.26319924011644025,,
1955-12,-0.5756929938596044,-0.4740539314651765,-0.2190440237090768,,
1956-01,-0.48770222383975687,-0.6037038796771471,-0.3212968556360811,,
1956-02,-0.6357702510730799,-0.5833282187015372,-0.34129991864142595,,
1956-03,-0.7682856895924056,-0.6700661572342578,-0.42901832649417926,,
1956-04,-0.32336895217126416,-0.46564395004797127,-0.3747391198880422,-0.175325139745898,
1956-05,-0.6602583447231526,-0.5451812612789749,-0.4529181884217565,-0.26812611799531927,
1956-06,-0.6665677499343811,-0.5852292754423403,-0.4743763059590678,-0.3294206839772636,
1956-07,-0.6718360129834247,-0.5670552205211337,-0.5611848046607415,-0.36828307581720343,
1956-08,-0.4441964248709154,-0.44570704995022925,-0.42873435033442775,-0.2861598385080833,
1956-09,-0.4535948892349613,-0.4510760113542816,-0.40691519582136054,-0.21378473402132106,
1956-10,-0.4262879881770438,-0.3849190516570397,-0.42650093511584986,-0.2847948646916888,
1956-11,-0.215139357029573,-0.4398406127607739,-0.37341958166576783,-0.23519894958311008,
1956-12,-0.22188935748402855,-0.4452460826828984,-0.3830739926810722,-0.23272561916760015,
1957-01,-0.4090016017374934,-0.45053696743399974,-0.42048639616421074,-0.3062832725355619,
1957-02,-0.5799839757115522,-0.5556634962191437,-0.4754291683400874,-0.3692995792443124,
1957-03,-0.7454454419361222,-0.5709646669430086,-0.47877751500600546,-0.3881437962299507,
1957-04,-0.7270662258554325,-0.5523488096578212,-0.47549958849455964,-0.4322603418154359,
1957-05,-0.9427666778585837,-0.529712141778823,-0.4887178557559181,-0.4346728188290533,
1957-06,-0.8671080028019591,-0.5481248011407993,-0.5068438316616144,-0.4193870250987047,
1957-07,-0.8537914584583498,-0.5879015356805993,-0.4935679260347513,-0.46703568746445556,
1957-08,-0.6998136443845656,-0.661006635802432,-0.4983241265681504,-0.47017879448702593,
1957-09,-0.8047273157726899,-0.7039332393903022,-0.5417256548767739,-0.48395892115655254,
1957-10,-0.8182046577742128,-0.6279637891506283,-0.47107339660374403,-0.4583928384515913,
1957-11,-0.4156144763342365,-0.5656622246588934,-0.5218893255940743,-0.46079144887019036,
1957-12,0.2746113442624905,-0.2662474405290773,-0.36176530909199184,-0.3642457951369368,
1958-01,0.6418342978814902,-0.21066317045694605,-0.32239204812498556,-0.34194998851146496,
1958-02,0.4493755858141141,-0.1755186988041136,-0.3254010513914332,-0.3390960046476778,
1958-03,0.23560186905184366,-0.13952399592993778,-0.2686784226000557,-0.3315473605633485,
1958-04,-0.44204305824042944,-0.09231329564125286,-0.2364434934018752,-0.3201379423377319,-0.23053044810352177
1958-05,-0.6404916231877082,-0.039726837474717905,-0.22793279726014948,-0.32423656735047035,-0.24348462893142675
1958-06,-0.5559317270235661,-0.010120799475623124,-0.23602887000669132,-0.3324383555692496,-0.26340231970535904
1958-07,-0.6516098506717979,-0.08270074333812215,-0.24479296292949923,-0.3242964392879199,-0.27998312210654736
1958-08,-0.7885348377689924,-0.3001573616619044,-0.34215030808494284,-0.3645051223734154,-0.2981081114749594
1958-09,-0.7887298450306264,-0.3852428011513177,-0.39176921725489106,-0.38999453831023567,-0.2906259931765252
1958-10,-0.0037500035443124333,-0.7276796628869242,-0.38049866526386383,-0.36956918894504787,-0.31779524394535247
1958-11,-0.07304062589540129,-0.7034856805963031,-0.3829026163902042,-0.37645138525170574,-0.30990336220620907
1958-12,-0.02480390406124243,-0.506495257441459,-0.38556105583360284,-0.3801895819186554,-0.31305880279607895
1959-01,-0.09588989397563168,-0.5254116222443603,-0.38482086744107286,-0.3860061946164653,-0.3332406156311111
1959-02,-0.441523903305369,-0.5246564940939521,-0.36310626214677216,-0.3950210368718716,-0.34242503910447103
1959-03,-0.5107236467204701,-0.5283326764669544,-0.3608280105394978,-0.3814072756336682,-0.34973948796023185
1959-04,-0.4863528003038674,-0.4241185476849087,-0.3597964638789297,-0.38615682000633594,-0.3667509968983258
1959-05,-0.6962827340047032,-0.40998910219086526,-0.3468331998186743,-0.3694626252894591,-0.36004795554894997
1959-06,-0.7167613767345047,-0.46374050374989906,-0.34078809943939214,-0.3644611559317425,-0.3597345985183919
1959-07,-0.4656806752942149,-0.3943075494078499,-0.3339949878646588,-0.3511106801266142,-0.3775839227695005
1959-08,-0.21637364925581523,-0.34061593812605667,-0.35988108545231706,-0.375793871869383,-0.37682740988187113
1959-09,0.3751050702695165,0.15485868153407065,-0.2336428998098818,-0.31015691244206817,-0.32293216159109805
1959-10,0.2559927805892722,0.021181738560960162,-0.32691496250554636,-0.30675898777784044,-0.3250731262911359
1959-11,0.44705972394822635,-0.08123534846131407,-0.24632834901535003,-0.3249074649745282,-0.32508926932670484
1959-12,0.20870287010880684,-0.12430828936684712,-0.21286701107778846,-0.33470588602279333,-0.33451162667384066
1960-01,0.23672283531743277,-0.041475765127928534,-0.24969848932363048,-0.31279612910694293,-0.3326013720495836
1960-02,-0.17387983463909237,-0.28695196381576454,-0.3971430785839472,-0.33609691138664527,-0.3644553260233343
1960-03,-0.7547293178706895,-0.3374822900135817,-0.4647991833449573,-0.3535350251242289,-0.374728822396529
1960-04,-0.8163642126398356,-0.3025180210080366,-0.46493760650667704,-0.35023689403744107,-0.37166422282516187
1960-05,-0.752918052864091,-0.2326231630722155,-0.4660923200064583,-0.3321290987389285,-0.3686046110041851
1960-06,-0.07587834636429729,-0.035845751652005355,-0.35015035530407634,-0.27040598395068827,-0.34021755430482636
1960-07,-0.29181671799336995,-0.06039521351041911,-0.3931435189197019,-0.29417763964521704,-0.3461465724345015
1960-08,-0.14962012454556317,-0.04391710815191764,-0.3169637732513574,-0.310478775852084,-0.3448943514104633
1960-09,0.17244687086234606,-0.31232756273149165,-0.2686118255875846,-0.3129698269067509,-0.349261162286377
1960-10,0.39051783277960467,-0.23515164564957805,-0.22742896924828698,-0.3505628022770426,-0.3301043023031871
1960-11,0.11846557497104236,-0.28511290035422454,-0.26320471415429925,-0.31713266688068587,-0.3431275446161998
1960-12,-0.12362024204632482,-0.10940196853175019,-0.21391952784291735,-0.31792156493067275,-0.33107306744257026
1961-01,0.2740701997258722,-0.2274792652265967,-0.14131583941553158,-0.3148545010824608,-0.3161040576288732
1961-02,0.43718778938918246,-0.06428511030451915,-0.10330553442247102,-0.2858830332850443,-0.3019776264433186
1961-03,0.5741272985079161,0.06617468454661746,-0.08442284521748818,-0.28206688483615483,-0.2782287526282444
1961-04,-0.10004045163582352,0.030634152475071827,-0.0813167826590264,-0.2800746234618441,-0.27894486159330045
1961-05,-0.35030979473040036,-0.06145554959088674,-0.06027456855101661,-0.27810732607197436,-0.26457845270814273
1961-06,0.6340476485125089,0.002837065942589996,-0.018626626936130857,-0.2373682793503017,-0.24519859348990047
1961-07,0.727268950986465,0.4413091571964646,0.020990085113636096,-0.212465364014,-0.22956649492182127
1961-08,0.31070606595675265,0.3446171179285234,-0.03836445999003235,-0.17168774881324922,-0.2548234770393663
1961-09,-0.0844143719328132,0.31658243283250476,-0.22415760765740156,-0.1552934635779637,-0.27095816667210826
1961-10,-0.02348982700320007,0.16747492442089507,-0.21288541578993622,-0.14542502040948366,-0.26680019587091164
1961-11,0.0014123884910287729,0.16257637702974445,-0.22831022443427018,-0.16186706435979295,-0.27858850294763643
1961-12,-0.3871800711114223,0.20167064647964147,-0.17785602380999488,-0.15120190734379457,-0.2758521077992253
1962-01,-0.32819087846752887,0.14507583061621682,-0.1585945379274184,-0.09581387756560612,-0.2553148710156305
1962-02,-0.04954021545250961,0.05776131333443206,-0.023123383441392364,-0.08028776799168869,-0.23343277740854076
1962-03,-0.0255856984366637,-0.053083251840294055,0.05247813748862135,-0.08077346616929451,-0.23499868913783972
1962-04,-0.26142668538870284,-0.17094526225199227,0.0006276229135968102,-0.0952812162827599,-0.24296286270430767
1962-05,0.0840955399034224,-0.10604215377791752,0.039122105724061246,-0.04027817241553207,-0.20567000943474803
1962-06,0.7390276503240357,-0.017571345721520307,0.03567611849206563,0.010015126054373793,-0.15787488577321157
1962-07,0.20124254554191043,-0.09107185651647225,0.09579427394461078,0.009246267806568701,-0.15760467821915317
1962-08,0.1845892700153435,0.07883689685981563,0.09635021303666982,0.011122417944391998,-0.1582938307531111
1962-09,0.05676331789975055,0.07594757279842841,0.09929955659979452,-0.06632656465154019,-0.15899790975105035
1962-10,0.07750963569136997,0.010856362686466847,0.04367139116195003,-0.07320463110320224,-0.18371176470917586
1962-11,0.11291172330460732,0.06268413883672462,0.06854574617575981,-0.07325570359962133,-0.15411803824460082
1962-12,-0.09133494391026588,0.22804503419590524,0.07697781568814345,-0.024142182336306984,-0.14839496805597255
1963-01,-0.11756363240346195,0.20759613261462775,0.09276261652593813,-0.029815229318654227,-0.15031091304558425
1963-02,0.04199484428746818,0.12327491690245532,0.047303841535808334,0.03520437386143724,-0.1508038154136151
1963-03,0.06492411968784317,0.12555949794382962,0.029126425200977857,0.0794110256946345,-0.15636468462750433
1963-04,0.4090118197817115,0.18271597623232871,0.019871625344423473,0.062456818984926804,-0.15853114114501768
1963-05,0.31971214767927597,0.15542313564583282,0.02430080786250207,0.055947347421006696,-0.15216989671708697
1963-06,0.2725569173963445,0.03824650233394359,-0.015118797044485509,0.008660099722519014,-0.14736590389606605
1963-07,0.032677444946779564,0.136284777476955,-0.011340622942916566,0.10612508522496987,-0.12905891782931372
1963-08,0.22593870787885365,0.13083164487615281,0.06673677792279047,0.10867044715705279,-0.08490984149017357
1963-09,0.09436750428603344,0.09416261900743701,0.046954691649679,0.09514465343591051,-0.07276180500347747
1963-10,0.277192391345579,0.3895737377815891,0.04071385880740721,0.0711082564212473,-0.06610995959647144
1963-11,0.00886645839956189,0.3315050676767193,0.05176725909461156,0.08217771776333008,-0.07454438243687926
1963-12,0.00047674814979768184,0.16623210788051546,0.0711842706962693,0.06523910595319524,-0.06748468712937958
1964-01,-0.17508097770460834,-0.014756107018241213,0.0396737132635079,0.053583431948284334,-0.044551460088340725
1964-02,-0.46725652115932675,-0.02857275777204488,0.033411630138703546,0.026824317719914455,-0.036709436487601874
1964-03,-0.3074519686507184,-0.024995583583514447,0.031462542377258935,0.002457237536442633,-0.03797529452293666
1964-04,-0.38835993789311707,0.07459072056743829,0.13819642756356737,0.01099641643088392,-0.03129396392507251
1964-05,-0.6435380616112227,-0.03154031056017889,0.11270287988427963,0.008992550621866711,-0.022094553305661735
1964-06,-0.7146882811724989,-0.2622999765374957,-0.025138642241226767,-0.04436488609292697,-0.026652393704836814
1964-07,-0.5618526309479208,-0.3852948276879644,0.00021550837822685635,-0.053504667736407226,-0.01916186853308407
1964-08,-0.48426848334526007,-0.49535977133455483,-0.034003204748966724,-0.007420019442656702,-0.020859438185308353
1964-09,-0.5759612016057815,-0.4212902761137148,-0.025793628156408774,0.0067711498589070026,-0.09420342534745693
1964-10,-0.5407334905331123,-0.45557820446102854,0.12294338967223366,0.005547949676606735,-0.0888069481480257
1964-11,-0.5263250417154349,-0.5218579211666492,0.04931528923791921,0.015330921861183558,-0.0888070163588687
1964-12,0.0527583330972763,-0.2900483603849859,-0.04930145086847184,0.03368916635225835,-0.05939554104926649
1965-01,0.25656271982878104,-0.19586635688030082,-0.1262780656030169,0.019504159774802333,-0.06664591903750922
1965-02,0.3164758508249578,-0.20095802704092067,-0.12899590856363757,0.01167176745417515,0.0024180812317248068
1965-03,0.3490393411411803,-0.11660341456361997,-0.14091400235831145,0.025192753682256496,0.0430564783067895
1965-04,0.33413969812197936,-0.0883548558321756,-0.054707709279851385,0.11547507544419301,0.044667828581478844
1965-05,0.5262530190415851,-0.12524398784434088,-0.10300904520448553,0.08176294777067614,0.03527341081179008
1965-06,-0.2621913989910528,-0.03727799628432402,-0.17433847672861363,-0.05040338060732785,-0.0134077037618989
1965-07,-0.14860514108972042,0.09585961138533429,-0.2395933908904839,-0.020356158758469585,0.06342700213342253
1965-08,-0.3545874534524153,-0.05831732067851888,-0.3139571225537969,-0.051991999943835104,0.05530132900671304
1965-09,-0.5185143501639078,-0.2009051845222393,-0.2971339529277241,-0.06938010737035563,0.05016274444628668
1965-10,-0.6658155390612851,-0.3250433044622449,-0.345047252869373,0.007349745360033464,0.019410176788416455
1965-11,-0.5392825401808873,-0.30585447223244305,-0.2853328356876053,-0.023969034616094335,0.028162641939677237
1965-12,0.34127742615715684,-0.06807561590544535,-0.1036136129103704,-0.026024858959071646,0.031703645774193503
1966-01,0.7512738578551091,-0.06452637135962443,-0.06499675727830215,-0.06926645022440821,0.030164010701118453
1966-02,0.839636058060662,0.08520378670018623,0.05577260539096496,0.04476759772828064,0.030918401008523815
1966-03,0.1275220260444565,0.037713328914616054,0.07851417994278767,0.05462691062900504,0.0235546687826472
1966-04,0.46149840631689987,0.19894654463130526,0.17931077062066725,0.15599974331137692,0.0587055998417947
1966-05,0.3068250122672354,0.11819520339247916,0.15470282229842647,0.12491231536537943,0.05728444842872656
1966-06,0.3870637801402963,0.21269480103463193,0.17048351578445325,0.11941967903923807,0.03428180370328576
1966-07,0.1941711599027253,0.21951060662207608,0.169849183640456,0.1341079550561786,0.04158638053657379
1966-08,0.5083344805790321,0.3578205952139641,0.33801681885913865,0.2703003728104232,0.15190776249025986
1966-09,0.44261215248804353,0.22611731322508985,0.25389561010528433,0.23197847096874505,0.13681481155871458
1966-10,0.23555436128317936,0.22703362880300876,0.19251348232597373,0.1768253598192041,0.1082569346386229
1966-11,-0.060227697083876534,0.09425700512296033,0.07562982556692939,0.0894243253432679,0.06539126882781603
1966-12,0.080386637024474,0.17009051719471918,0.08643225488490756,0.07615349535712629,0.06505848157645835
1967-01,0.30455700113579787,0.31509279113094113,0.19835085575847317,0.1769271372676266,0.1142289694113111
1967-02,-0.30258115731197216,0.27984357105061586,0.18062871222922308,0.1595983429803374,0.10345098598638433
1967-03,-0.6175924654975266,0.2758021293380229,0.2012233564194826,0.1867460091700371,0.11767464939485786
1967-04,-0.5359583758468335,0.22076955438992701,0.19215694977235764,0.18124607153500924,0.13935486985221612
1967-05,-0.05209403718778825,0.13409956429513278,0.14220337078367298,0.13691921028030982,0.11254682150646896
1967-06,0.6265310376307313,0.16793905115451968,0.1818901865926363,0.15948880783826727,0.1261710779947716
1967-07,0.42154920007725366,0.12614655054565257,0.1689162012407337,0.14752707300150042,0.12905187402968565
1967-08,0.3898343044388645,-0.11545673417117558,0.1623172559174394,0.14250028900571013,0.11828711580298082
1967-09,0.15739061539900673,-0.08219993096850142,0.16983086057907756,0.14246288409711666,0.12119397279140173
1967-10,0.126568616433076,0.14809521564359773,0.17938351122739235,0.14285639129171135,0.15203629663532267
1967-11,0.8091426698640378,0.4618614090204304,0.2360174315826423,0.1928843978819788,0.19650665507706114
1967-12,0.8452297388052071,0.703399344799841,0.25232000227855045,0.21251419016081066,0.19052318135501725
1968-01,0.5240001153052377,0.3883972854806549,0.22934756756048724,0.19206042705586857,0.16221297869073437
1968-02,0.4098258426635133,0.21978094126694075,0.2084987158705509,0.17767400393480978,0.15693320946636624
1968-03,0.4267337427522795,0.1673661043539708,0.23092742962115492,0.19300067163921014,0.17478394487354368
1968-04,0.5829902627063462,0.3906447884196317,0.25633452327746487,0.24261310999397845,0.22773317207029545
1968-05,0.2760079441945866,0.40355157615455994,0.24036796068298869,0.21247456632663186,0.19950248643646282
1968-06,0.3003158230205562,0.4170438205377993,0.26581088644129885,0.25644833787854154,0.21512464139593657
1968-07,0.26947947361664576,0.3485457659034805,0.2279142269839949,0.23556222258998968,0.19451648386796438
1968-08,0.16339394024731616,0.3138294067990999,0.11424432848854499,0.21466975298407553,0.17079124549605992
1968-09,-0.13438932028723402,0.29232925234052765,0.13413820835840629,0.2175965442688866,0.17702457221505474
1968-10,-0.47322028571306285,0.24126991967072697,0.1629080336744493,0.2106877701726635,0.16663240226662696
1968-11,-0.42903672993997494,0.05867282924155635,0.21998749870388584,0.2068829459729613,0.1626839065475499
1968-12,-0.47754093080963683,0.03232809853080239,0.2597460523272286,0.18321140970013053,0.1500552570306242
1969-01,-0.4718493121052826,0.04383258262274312,0.13820147673077546,0.1641816586469278,0.14061305087671944
1969-02,-0.281644110242797,0.08537252733001992,0.14956014441049506,0.1601579271700674,0.14324442709087903
1969-03,-0.5817257812877954,0.049675223295074386,0.12913714795384496,0.1697977534186667,0.15291090541451477
1969-04,-0.08153830111249157,-0.10868460336551174,0.15601744434862874,0.16240655836722048,0.16310838765191293
1969-05,-0.12359858677764281,-0.09622388341042873,0.16725151671207916,0.15309306422881508,0.14663948631133567
1969-06,0.3627423592066225,0.02084640134846202,0.2268980483550077,0.20371787730206053,0.1903017923111965
1969-07,0.5605820609885311,0.07047815704126371,0.260027587943411,0.21552858987452017,0.20379851655662012
1969-08,0.5702553168330659,0.14737493683589323,0.2638349480791394,0.16315312994652295,0.2030262729880202
1969-09,0.2527954050828775,0.01839014769836309,0.22104430193226368,0.17954057872841844,0.18829241637542216
1969-10,0.1641526777896815,0.0839490790079335,0.23033149945808562,0.20572580431966814,0.18903876486654583
1969-11,0.28493794178028903,0.11439711844766128,0.18456861911776912,0.24387847839757867,0.18862573336871272
1969-12,0.4972530402871904,0.41096177321962624,0.29229720665962633,0.35791106072662054,0.2567084451847755
1970-01,0.6172145250528169,0.5077159925904935,0.30876999481246103,0.31279734769597545,0.25639314904262445
1970-02,0.007414464467337778,0.16134147392618564,0.13382442827089516,0.14436860337986776,0.1542244786588721
1970-03,0.2626424705053925,0.21883943659878644,0.14348007338277166,0.14651831258873965,0.16448599058693292
1970-04,0.32217765112465946,0.2019629816008305,0.12280325831150873,0.1741611596761208,0.1819935583097117
1970-05,0.5485495411466915,0.4453424326639656,0.3403486589587937,0.33206259183689846,0.2809176285733548
1970-06,0.5468024298906968,0.44322234495460977,0.3107413569534033,0.32685309452924977,0.288618747747055
1970-07,0.6448911779575692,0.46691716119726423,0.31508297418441844,0.3302423248751379,0.28107161328112407
1970-08,0.7597301593178882,0.43253026444880915,0.3239019503026019,0.3347047269307193,0.28134135993277043
1970-09,0.7406181559765987,0.5326214175262676,0.3700981303146695,0.3615260443515308,0.30631638273003725
1970-10,0.7467510301633468,0.5312256583452525,0.3983084455429397,0.37116019329150063,0.31463578935212455
1970-11,-0.4374427057367432,0.5138475900614393,0.392382145473329,0.33252590151447925,0.2996206101658647
1970-12,-0.14236368204018576,0.5213983555781443,0.5100013617077568,0.3977205939684766,0.3529272149698824
1971-01,-0.012845562936565245,0.5127140882875112,0.5276539531549239,0.4131670724822354,0.3625113165385138
1971-02,-0.1111749376715957,0.6916403912460498,0.5343480628363148,0.4271015830133309,0.3697777211378958
1971-03,-0.05087902773565623,0.6824794905862274,0.5400772629957222,0.42954597019897994,0.38028464711394916
1971-04,-0.13114778370739721,0.5790917030840173,0.506430487941607,0.4137812924035303,0.36385252611506047
1971-05,0.8126969751433822,0.30485569876756563,0.5227637725485641,0.4341395439516537,0.37131031582587626
1971-06,0.6559975935308192,0.3822307795328663,0.5075776836213683,0.4309972733800354,0.3738491856061766
1971-07,0.6411233976346968,0.529540918343756,0.5019263855640262,0.43899640881251106,0.3757211591900064
1971-08,0.385685336592375,0.4730290342694679,0.48765525721863545,0.4349792076799088,0.35125814146538686
1971-09,0.3599599226725018,0.4868818887305485,0.5217308350027404,0.4522626525823839,0.3656708128678696
1971-10,0.46360729764040937,0.4236332742875538,0.5017048608735233,0.4464522179567294,0.35587689637031317
1971-11,0.37665085803148085,0.4246641085335239,0.48006811902472574,0.43000415650147056,0.3569935263755837
1971-12,-0.2080268269928017,0.12082935812612688,0.3456951110516048,0.40207624014796606,0.3348403386020555
1972-01,-0.4323029842417438,0.06983799419790453,0.3200802584631347,0.39608564430726223,0.3174942247746656
1972-02,-0.40681779845501526,0.022217259660617075,0.41224933130532715,0.38626699037280604,0.3186071053255611
1972-03,-0.7955863019671856,-0.059203368559821876,0.4066970605667274,0.3796940417364283,0.316111465016519
1972-04,-0.687099597545962,-0.030985775170804874,0.37084627602515513,0.37236617670967714,0.31620822534001297
1972-05,-0.4638349279324224,-0.21722491048746465,0.1420953373556955,0.3881977914017355,0.3253652603739804
1972-06,-0.320528509708896,-0.29212956042918203,0.14816495289236273,0.36483348431550194,0.32142473835430896
1972-07,-0.5457843168745447,-0.36898031019572997,0.18497454628713358,0.3530902137906201,0.32668187673659543
1972-08,-0.6100937484924568,-0.37665765265119566,0.17398008308142157,0.33838591795310263,0.3223320420431356
1972-09,0.05968266363066431,-0.38489686450169236,0.20734396394188218,0.3617390091110204,0.3292155945956167
1972-10,0.08879472301856167,-0.2913848757734689,0.20303906357536244,0.36054063527973573,0.32850676934404355
1972-11,0.5685517465100902,0.169018209267928,0.28560167456809543,0.37384033658292565,0.3282579293151549
1972-12,0.5792431814197007,0.3601242758701922,0.1520728252833053,0.3087219895472028,0.3237672300412159
1973-01,0.6948315413852154,0.38645603105305043,0.12741411810215117,0.302296341287921,0.32715585575956024
1973-02,0.7601784855566949,0.4997694566731501,0.14219411550687225,0.4193874540311165,0.33892668115038577
1973-03,0.7811845616815568,0.4781934066999958,0.09361673118153088,0.42030513670920683,0.33428483830400396
1973-04,0.6941809053430897,0.4254957251432329,0.10360028835324145,0.3917486702421135,0.32641605286394565
1973-05,0.28602099923548147,0.5204067251974102,0.08119107816212363,0.2663080991295785,0.3472634974768784
1973-06,0.3084869177540194,0.49525290276922457,0.06596447219266018,0.27598408769152954,0.341204236644949
1973-07,-0.1844104462664877,0.445902708232714,0.035948328801383676,0.2932087139711908,0.3404855327170224
1973-08,-0.3238236961856363,0.5388075576038803,0.11329998466285975,0.32253934051930233,0.35390883566250825
1973-09,0.49113327572125204,0.5777500838887253,0.08181283002429547,0.3114756111588867,0.3633274431274464
1973-10,0.7502535701797722,0.6752853661165015,0.24926057385827394,0.33647772491513545,0.38779505987295976
1973-11,0.3758626831700655,0.35850564136105456,0.23632971663334873,0.3232807459900841,0.3658366861291202
1973-12,0.3391674038813384,0.33365561893358753,0.2725998415433248,0.21275156359652195,0.366003031324721
1974-01,0.2962269173490321,0.2444441785319807,0.23976843449961543,0.17585708540422013,0.3595621537576911
1974-02,0.3354861671573652,0.20068709287453027,0.2440513174009523,0.14647995201484262,0.3550328815953545
1974-03,-0.14199109116823613,0.024549208945933425,0.142551625018394,0.05827684050765755,0.32591762893173615
1974-04,-0.6094801114019301,0.12655259818033132,0.2214479586276242,0.122837547974281,0.33908814894499983
1974-05,-0.4920820092956962,0.10874589518432956,0.22444180813703335,0.11020357905575004,0.3517343672280822
1974-06,-0.18071126437841295,0.12374735161056717,0.22556443624627212,0.10462458363027582,0.33705395132662835
1974-07,0.2819034181931528,0.31338530341797144,0.3026301295201678,0.18930306309675535,0.34998189218361964
1974-08,0.3220340755946221,0.34985762229749984,0.3402611512148984,0.2211801747226033,0.3584371178111981
1974-09,0.33064377582049165,0.16579792246533576,0.2882795057908933,0.1417708181742156,0.34953322700711875
1974-10,0.6457381507156044,0.013046522478046274,0.310776225306037,0.18364175281722792,0.35285542200891806
1974-11,0.7590259793009411,0.26651550375450367,0.2996785090973284,0.25550007715969447,0.36370236699613245
1974-12,0.5725977880485417,0.15240658305028712,0.22043415850247003,0.2107356862365584,0.3028432679722616
1975-01,0.011977150625417375,0.18509836858983586,0.19639965364407883,0.19119206643628783,0.2816007828648069
1975-02,-0.17580300328615064,0.2787697022113195,0.2375941010140102,0.24600100001683717,0.33218809740543465
1975-03,-0.4223888410594379,0.23170337117527745,0.15184590750939167,0.17934649437254843,0.2964261512942313
1975-04,-0.1468081706426021,0.09866282593128892,0.10907815981869877,0.14828241995204333,0.26887686284339146
1975-05,-0.06985230213060215,0.16359478115187587,0.1507168842105232,0.19159084836571197,0.21095998977322705
1975-06,0.4634634741720665,0.18327801096475607,0.17034069120596843,0.2074119560448027,0.21853588027782814
1975-07,0.513649672474238,0.03792034632501588,0.17779409255296086,0.20514614540493123,0.2250684678616224
1975-08,0.4447298705973688,0.12013796186690354,0.22165158154935455,0.2526189718567236,0.25726791283934464
1975-09,0.5784103607998067,0.167976175057618,0.20594357809185623,0.2520130621950147,0.24593908007797546
1975-10,0.8815018836428694,0.20944354355381578,0.21259588154358977,0.2858136950171722,0.26147143049584853
1975-11,0.9017929853154321,0.19300859258536937,0.25317831114377265,0.2652325183860838,0.27797475189910015
1975-12,0.861302458998142,0.3931262377811602,0.26282724058645973,0.2664898137439452,0.23195893339041743
1976-01,0.9314252601783065,0.5189009019326891,0.34585428939150875,0.3245553807123091,0.2583829864167918
1976-02,0.6688208083788655,0.5109736962399799,0.34931723846403806,0.3106467469607392,0.24839410748090493
1976-03,0.6086175295272084,0.6348542514436579,0.39126882058748075,0.30991387873995774,0.2388944691128222
1976-04,0.5149211039114442,0.7754857229158957,0.35216505868776043,0.31406774348982236,0.24883774100476483
1976-05,0.5375787267201897,0.7214697417852017,0.3451748739347696,0.30206345265994344,0.24916536505405468
1976-06,0.6001763352435925,0.7184686654506071,0.3459264571618597,0.3015799497582765,0.24609457752479721
1976-07,0.29036207544660486,0.7337379562818315,0.2702930689362855,0.3126449045078662,0.24651919526809532
1976-08,0.42215755721384357,0.5611308747993987,0.22500726133910723,0.3032963064935117,0.2528742860826833
1976-09,0.5402047139369474,0.5401483079464048,0.2537341585291567,0.30667346369367393,0.2525360308172916
1976-10,0.02292242598758585,0.30165859151119195,0.20474441435854965,0.2620983391910494,0.24842204784109925
1976-11,-0.37790571187242317,0.27513091847530496,0.17994832670625419,0.27914098219713124,0.26215203048279884
1976-12,0.3818100083931982,0.33846765001256723,0.30837331472424684,0.3042541666355705,0.30148616910311443
1977-01,0.45869227170596827,0.28311868901197573,0.38390716090257665,0.31773703158290983,0.3045341115977684
1977-02,0.5536541749114693,0.47963335390138134,0.417633477692842,0.33172409074410264,0.31645220584458
1977-03,0.5057261836255794,0.4807254870458182,0.5274445380186235,0.3689101635627741,0.3165839521804784
1977-04,0.7442286655164796,0.436087566284082,0.5934177134169968,0.3340449732041756,0.3156343060705761
1977-05,0.765727506384112,0.45256272288750277,0.5871634506836452,0.33034283585189944,0.3174836776661076
1977-06,0.4176376476234154,0.4659044829545776,0.5710683980740046,0.32848481909780525,0.3172303638234582
1977-07,0.43588118063958914,0.4695728703501867,0.5765775185698485,0.26378548996522366,0.31655983086789713
1977-08,0.18803580428062863,0.4945295595066122,0.4909158605919391,0.24227722275325136,0.32746229400179494
1977-09,0.14508148669180745,0.43808715056428854,0.4781832043180273,0.26010789180416305,0.3235681572255353
1977-10,0.5051460399599078,0.6747592722861743,0.45769609294617797,0.27552232284253564,0.32871320564105516
1977-11,0.46314116328314303,0.6625075420424261,0.44736072114225556,0.2619960644024308,0.3124250903238298
1977-12,0.2289187997798668,0.3019963785051037,0.4604415625027556,0.3598057307382191,0.3168493782540321
1978-01,0.5657068941061264,0.5587481258704835,0.4437276185137689,0.4319738247692056,0.33022318442643683
1978-02,0.6210072150647304,0.5092986457435051,0.5198581102055955,0.442094737842505,0.32281407582054095
1978-03,0.8919219447573489,0.530286537186488,0.515254086805487,0.5423511975433265,0.3217240460785296
1978-04,0.48626447455193555,0.3403084418015374,0.382256039049746,0.5765247162484594,0.3128722267765782
1978-05,0.12396170423543061,0.07141350604431934,0.23683078346719236,0.4840921381444314,0.28339599828758016
1978-06,0.12652273800266176,0.03413573003191162,0.22827038681110237,0.46947363704388934,0.2816580684964609
1978-07,-0.5129249880205777,0.02305099357523376,0.21811531588420172,0.4750709449020378,0.2884677621373799
1978-08,0.4571999204974759,0.49198233353953175,0.3495721387851223,0.44858140451858364,0.3073045529348079
1978-09,0.4570420756951289,0.5776737472480034,0.3244918613841419,0.44882212420715784,0.304690945749364
1978-10,0.6201336490467123,0.588349768488393,0.4548030544419904,0.4328284484073354,0.2959697967982924
1978-11,0.8812412156074878,0.5749197480381144,0.47995930132355985,0.4438710414678093,0.3244451950330837
1978-12,0.7875475921117825,0.5424127190354976,0.387478164518063,0.4372737918855067,0.32807150886288483
1979-01,0.7481896512004111,0.4646723236416271,0.39370063543081857,0.33576593215917333,0.3335430496968644
1979-02,0.29538281445064585,0.4117562213818611,0.3484136986122032,0.3427102303521865,0.33648241279185515
1979-03,0.3909649803812671,0.4414132585556413,0.3577621804275801,0.3428424072513119,0.36462612419126905
1979-04,0.2812074901210162,0.48794284300253393,0.4098871261484758,0.3383689574967938,0.34200358310178486
1979-05,-0.29935303549000203,0.6549950227426726,0.3967777058417637,0.3384748666530894,0.3406744569845322
1979-06,0.12581326341023186,0.5710742356933143,0.4130714530058449,0.35763626492550205,0.34394745793630316
1979-07,0.3703197550189835,0.5703452056580172,0.4152975050053115,0.3529807592276153,0.304540001511165
1979-08,0.08613398309046376,0.3312682952664881,0.3985552135785289,0.33722967529781694,0.27987346270354646
1979-09,0.11257750851143249,0.27105652491221843,0.4039315653326751,0.29755965490902014,0.3008951603891717
1979-10,0.6357996631872176,0.4426684276104441,0.45871709598302635,0.4280500943968652,0.33769436016106325
1979-11,0.7780522306626686,0.5503940699440527,0.4645716857923275,0.4443017668284397,0.33165938946989915
1979-12,0.8865297861151397,0.6176705924595152,0.5023210735165229,0.44614456350121934,0.41287455504883586
1980-01,0.8577514664409714,0.558339509341875,0.4355855161280423,0.39432751858901094,0.41403085352779223
1980-02,0.18434589028941584,0.1634851262749386,0.15719640177757324,0.11084361239804569,0.24335739874583853
1980-03,-0.05992714010846999,0.09328824096155927,0.1606963559180943,0.12748836143259476,0.2793233917494191
1980-04,-0.23102606331036302,-0.035651795667590115,0.04600161462613134,0.056202932787744755,0.2101825629952527
1980-05,0.005556883864021606,0.1398728718815772,0.1760360441340566,0.1625774331510767,0.2510450107035917
1980-06,0.04159140841615328,0.18492220994836767,0.21917560608129408,0.20605251741280922,0.27276917152554025
1980-07,0.004850548043031919,0.14596941972799327,0.18017482609450586,0.17390917400454184,0.2438673936584293
1980-08,0.10292469622589179,0.11224844998876098,0.11430151377578757,0.1397181978741373,0.18824349896266573
1980-09,-0.24788786654008962,0.10511137634070114,0.10722192818218826,0.13889454902969373,0.18057236566346388
1980-10,0.541463433097687,-0.011845330038597349,0.09545731457049705,0.130901210446411,0.16039047615058563
1980-11,0.5922202306840828,-0.06829391972729391,0.05008762243138021,0.09123705432043204,0.11981660797055721
1980-12,-0.658664184029137,-0.09148873474687347,0.046671147967035136,0.08886496277474756,0.12393876972306979
1981-01,-0.7823690255384614,-0.10580066400605001,0.029823157761170935,0.06450401076292041,0.08534902342933778
1981-02,-0.34382785461108567,0.0525350878811142,0.07101851410412423,0.09222497444271568,0.10617189134057448
1981-03,-0.1046339925457753,-0.030506413683040624,0.08083847659487553,0.10326295389432955,0.11403235206475405
1981-04,-0.12138887356049116,0.2446684060320785,0.0815134970899456,0.10580455182672041,0.11133378045077089
1981-05,0.4970674863901908,0.08722786301734801,0.09658094880620524,0.12129310352355833,0.11279547435289157
1981-06,0.45316814790240256,-0.24867432152952137,0.07573681677002285,0.11236032910781717,0.10987277342732736
1981-07,0.5837534335354778,-0.08474165376570901,0.10464176174793448,0.13393549422394455,0.12514531156568215
1981-08,0.4709164176589001,0.03500030276584694,0.10333966512425007,0.10569460191533177,0.12736233976509737
1981-09,0.136345547327787,0.05016554386071369,0.09935418571944461,0.10855672093013667,0.12720993859455482
1981-10,0.35737614016653746,0.0973704648062316,0.04882453423205103,0.10820581162547128,0.14594366168196207
1981-11,0.545129108533015,0.476755636015796,0.08706874927432659,0.13776658394635535,0.17363455294265562
1981-12,0.47198259171717966,0.4522287499942936,0.07139254627253128,0.13911396117886807,0.15804869561750046
1982-01,0.5424276526366062,0.5111196858867795,0.1288022523504249,0.17704998125664373,0.18210355945035062
1982-02,0.6460331337249274,0.46643506129360573,0.21758918212438527,0.1670553786212093,0.1694582271788281
1982-03,0.6197331429916514,0.4195186828009465,0.16283623593170163,0.132404267142917,0.1426979098323095
1982-04,0.4059902621741531,0.41685801662836924,0.22632172468359757,0.13690367599073447,0.15047145470835188
1982-05,0.19698561344575266,0.4151293900776825,0.1332393981711982,0.13595602194146705,0.14887465655423263
1982-06,0.45215515888936647,0.453346280366452,0.11801374764776171,0.15451278741277347,0.16939968073150233
1982-07,0.28082882487294886,0.4584512498260823,0.1626174898341304,0.15067035321543149,0.16643690323470153
1982-08,0.31117880279837146,0.5348852111946756,0.23990236181606783,0.15201973060373403,0.1630043503922044
1982-09,0.5867609172830465,0.492025455622713,0.3604143037734608,0.2223311114328342,0.22438267838845904
1982-10,0.763394787126994,0.5994981372621665,0.4876747451112818,0.2736949910466333,0.2909070772798338
1982-11,0.7388648848242433,0.6573855949145418,0.5861212279561214,0.27667735292941764,0.2982646863763655
1982-12,0.5291209110893165,0.6714869515358649,0.5806699969042739,0.27253629519685896,0.2974817205669801
1983-01,0.48872364028184284,0.5684215158617549,0.57441351537212,0.28325448390638425,0.29181185246876945
1983-02,0.7785077811564706,0.5407473182591404,0.5424274856368848,0.35444589901884316,0.2892973037089444
1983-03,0.9545859786113012,0.6348286041455529,0.5487193537523692,0.3464214757386932,0.29252146408021606
1983-04,0.7318828748284919,0.6609312274110072,0.5545493446580767,0.4042434281003519,0.2995577691317033
1983-05,0.5697954572214696,0.647428286454308,0.5287532894985345,0.3789172373560721,0.3096226540440752
1983-06,0.9099954963028197,0.5280163194998679,0.5241192482880159,0.3601171663274725,0.306235809753234
1983-07,0.9329454680455479,0.6293555125862311,0.4992276729659399,0.39115552659871333,0.3053382178456654
1983-08,0.7996974331997566,0.8342874487339349,0.524180705549927,0.4426119793955133,0.3081340885772552
1983-09,0.7697221525915151,0.8809222637456735,0.5202888225658759,0.45813082155424784,0.31089842992807426
1983-10,0.5666279362253861,0.6948118833300271,0.5204025538489091,0.4674462598832998,0.3058003523156513
1983-11,0.42647352657684084,0.606737151599768,0.5860662452020111,0.5368239262910505,0.3057352686776798
1983-12,0.6318959575610319,0.6056403565069512,0.5923093909470155,0.5360897271470115,0.30762949274401635
1984-01,0.9293110991312179,0.5545735117768082,0.5353859154812582,0.5416228600090138,0.31141562410743556
1984-02,0.8256100698369049,0.4863603649373359,0.5572616999246621,0.5228788701305922,0.31085789560486393
1984-03,0.2875666199290541,0.4069463998666202,0.6390074886792896,0.5234424261049742,0.3123973570807978
1984-04,0.1154797492043777,0.32787302465994755,0.6572054935884164,0.5322793472000964,0.31398506564436673
1984-05,0.047015107127791333,0.2403084403358096,0.6655654946713414,0.5234789983570411,0.31823240972758365
1984-06,-0.023077358226631907,0.2967502531871542,0.6340826620817257,0.5333626300058358,0.31538684754312235
1984-07,-0.3372485986049756,0.32175987066127215,0.6332791037322594,0.5150837861977667,0.30983784981296536
1984-08,0.6718772062294466,0.6131084139613973,0.732920944472989,0.5446875028636458,0.3394223760969725
1984-09,0.6687627845164035,0.5924817573037934,0.6994279579218429,0.5474854977146871,0.34091549823548173
1984-10,0.5784378182891051,0.5364499830836269,0.5302057842105793,0.5365678212436807,0.3122751608991772
1984-11,0.7166040398861847,0.5095376929273798,0.4633648940388995,0.568308180072072,0.30683482150871794
1984-12,0.7042179371213144,0.5017276128520396,0.44930266265856816,0.5697035270395758,0.3013439359520298
1985-01,0.46619944630315746,0.4850791865395391,0.45370200197840804,0.526781623792346,0.3112104698530847
1985-02,-0.537126556306528,0.378009351385874,0.42624912508001844,0.5122261299270293,0.36320440355998673
1985-03,-0.1267285363282955,0.4008554953320181,0.4221610801545567,0.578256450072537,0.3621768221329456
1985-04,-0.0666416715572028,0.363808546946739,0.39847401360080575,0.579599076815961,0.40571143824397604
1985-05,0.07841507764698004,0.3447871276354697,0.42399689681367225,0.5833992934115079,0.3895942091853511
1985-06,0.01352597824391604,0.24965211576011426,0.4668882363206144,0.5398542314825265,0.38023445835082625
1985-07,0.07546175999345162,0.22917378407321526,0.46791905132308775,0.5475701166934404,0.40340254399445474
1985-08,0.6084302550131112,0.08239451326300055,0.4295028061183619,0.5891086523471205,0.434888011981051
1985-09,0.6044603951327815,0.15957730671331913,0.4283366461276127,0.552039296950898,0.4459574670055367
1985-10,0.5888136802854868,0.20176398978842486,0.4298018428104291,0.4184693418197528,0.4549494854575352
1985-11,0.60000908137911,0.34370530224126017,0.4620001585099222,0.43750804925901376,0.5159820520750542
1985-12,0.807178408326524,0.40715469819852607,0.49052290411223864,0.4679884638796429,0.5230458636957436
1986-01,0.9684702205970757,0.44896916887016564,0.4911488309257081,0.4703532282949228,0.5266939257297123
1986-02,0.9712890859510719,0.6826883245623195,0.5056275433938094,0.5097559749386217,0.5220648681161073
1986-03,0.8333332024247472,0.7190400259887695,0.5597853940934392,0.5530096387048353,0.5439237353424803
1986-04,0.7237458279842487,0.7371143006744697,0.5536995857340324,0.5601141488445307,0.5515754027895368
1986-05,0.8669163701241979,0.7265075616959711,0.5446092135098277,0.569117086844687,0.54291543019981
1986-06,0.8215248741677479,0.7255078565331617,0.4931410393045894,0.5743950665784474,0.5439879134422329
1986-07,0.43643346558705104,0.5799527809329834,0.4280572746399308,0.5313803664857696,0.5125024658751011
1986-08,0.4034094493342558,0.5520605061254785,0.3782886695918096,0.5034369922858004,0.5158807412042041
1986-09,0.14864976257479579,0.621359808501944,0.44507563652107357,0.5272971047111774,0.5235275459913538
1986-10,-0.10171387347583503,0.6332514075229897,0.4786306989354998,0.53002614408693,0.5248193299648362
1986-11,0.025368462970924415,0.6142372652320875,0.4969042068781478,0.5206251235512785,0.5523383020091783
1986-12,0.193184954496263,0.5822872249297433,0.49756894881610936,0.515563769988889,0.5542118838755841
1987-01,0.6187474118315294,0.45124768662849535,0.44542039208705947,0.4763544663705804,0.504685793370856
1987-02,0.2605435974637205,0.24381672778791572,0.403481923126146,0.40158194897790167,0.48037269627037193
1987-03,-0.48567571182879776,-0.041441596860008895,0.34388664981692657,0.37718359768462273,0.5110063930589686
1987-04,0.5395232193359989,0.1435780790727596,0.4245363674468025,0.3992451459505856,0.5253750655269475
1987-05,0.6783689257456625,0.16839484771265972,0.44967055785730475,0.39243652732838136,0.53034706857202
1987-06,0.8378815760030055,0.22013067870659322,0.47007398096944647,0.38371704365325493,0.5067427019379925
1987-07,0.8087327576574285,0.522111075601248,0.4664510572708665,0.3918572618017373,0.5125807337371864
1987-08,0.7370281951288746,0.4341661979956947,0.3956327541991908,0.27429481578035686,0.5051553451678918
1987-09,0.7329181064642976,0.5510382226489022,0.484523090903129,0.3484184177669224,0.5013092975237488
1987-10,0.1334308545370703,0.2929140960805366,0.38905078297088164,0.33303021237041674,0.39358833122476367
1987-11,-0.3737072451830152,-0.2075415483268868,0.10155429130571487,0.14571677845956643,0.2266587998107049
1987-12,-0.5442975163694366,-0.2270711694086863,0.07029175908198639,0.15491515900867622,0.23090115748439127
1988-01,-0.3406542956039122,-0.19116940652950012,0.08917307398068271,0.16218818805333785,0.23778666161052284
1988-02,0.00036721775874573186,-0.09946560082656196,0.06622621096011483,0.18626473243611805,0.2483767070990732
1988-03,-0.14320478159464953,-0.12046416789224723,-0.04976713947372496,0.16818532632866282,0.23834168406441272
1988-04,-0.3824533864489187,-0.14286816365426652,-0.06330561641040479,0.18540617805255383,0.2443647733977158
1988-05,0.7838658099522305,-0.11656285775884652,-0.04440252238132171,0.19830585884447788,0.25802466424528986
1988-06,0.772700221636965,-0.11006410927604923,-0.011688534427300779,0.20033706536219315,0.268019826162464
1988-07,0.7416636615159826,-0.11086885770778554,0.028531281031386257,0.20689797237935462,0.2717121028339107
1988-08,0.8520582376313379,-0.031215644660893875,0.027413719762440076,0.21562396457626418,0.26443336495256714
1988-09,0.806395995659029,-0.04902228045327582,0.018443770788607972,0.21566084244514966,0.262531597203201
1988-10,0.8417720267729156,-0.11981770283243148,0.03724577122659152,0.22013941936942727,0.2657999186787955
1988-11,0.824056294948761,0.7603685316821065,0.028428544204192583,0.19973291028665274,0.2686420470458697
1988-12,0.7012079289218004,0.7311228289765606,0.02148735170636854,0.16756967848355697,0.2634615749576633
1989-01,0.6465693789348483,0.691572915522565,0.015023942679941915,0.16854419665316667,0.2617192361883876
1989-02,0.41901451943737417,0.704178149671599,0.03439263671975432,0.13191298602324894,0.25152927158079075
1989-03,0.7117268031709537,0.7633975590573819,0.029804552568502223,0.05107547333974997,0.2527911602439127
1989-04,0.6871665841559395,0.769566834433013,0.02607258569189721,0.045361927143517604,0.2532832250785692
1989-05,0.7500704774512589,0.7236806650314569,0.055444651531901604,0.0638143315984401,0.25276678798372654
1989-06,0.5893569855964998,0.6687787623519957,0.07471174428093999,0.09182393538385966,0.2550377285106981
1989-07,0.6427982003864229,0.64840949829237,0.09357846011886942,0.13771362265512757,0.26239973819910606
1989-08,0.3983098630992998,0.4365297434234579,0.1400040966306155,0.12862183346759298,0.21620998986662235
1989-09,0.25824998889340767,0.5108021676388786,0.07507039290930302,0.10933529276194781,0.21881318880721137
1989-10,0.22511237318805952,0.4275240995276363,0.011214900402501633,0.10490536472406975,0.22595942515889655
1989-11,0.1402940529933365,0.21529387560913535,0.5769956508113445,0.08568961004790637,0.2271735148195282
1989-12,-0.31476564480674596,0.2220728757750431,0.5611265624572654,0.08571478991725234,0.22810969144729182
1990-01,0.13751605820115342,0.4732719998650185,0.5888503426667508,0.10665447241659269,0.24301481826788937
1990-02,0.49961679072166615,0.60646872949486,0.6076070700800668,0.14474056353109158,0.2662454599985045
1990-03,0.365825392668033,0.539551283965695,0.623498077499128,0.14080660181759297,0.25694894981770094
1990-04,0.3653502188692285,0.5372188687931276,0.611381193119336,0.1261924792110338,0.2640404061561493
1990-05,0.9234365403983886,0.4578664045394376,0.5631407446641821,0.1261978985192591,0.25909307131609094
1990-06,0.8259793196312065,0.44694502381790124,0.567427560640993,0.1233588397368124,0.2621904836270291
1990-07,0.6961396854407268,0.3943454161120372,0.5548433317922098,0.12691282517784305,0.26458948385754005
1990-08,0.6827730819001396,0.5714739098291132,0.5648553606238861,0.2245861140171489,0.2876277320429344
1990-09,0.7784574922182864,0.5760478544820391,0.5751896622232897,0.20179958035101608,0.29376978952870564
1990-10,0.7647480271701775,0.49497646876709755,0.5100419514260172,0.17863630552267923,0.28448480379418295
1990-11,0.9156388423163073,0.602274246453035,0.5104354079075709,0.5884699842090585,0.2678639960855606
1990-12,0.9163201474947625,0.6668926207145476,0.5592884928777935,0.5990724214735991,0.25797738073625087
1991-01,0.9242982948510763,0.6726403270295439,0.5710922364912787,0.5842277564776903,0.2587006254066256
1991-02,0.6686012038758284,0.6554657860964733,0.5777868770219499,0.575615301264549,0.2527766163153451
1991-03,0.2710935378260575,0.582288644719939,0.5239009438516765,0.5633477383460814,0.20104969837092826
1991-04,0.39883218602356324,0.5948872243842144,0.5171709873746094,0.558384734652065,0.19576640605168197
1991-05,0.5433310095001987,0.6132009306745068,0.5023824253736009,0.5402603728460101,0.19581131443813102
1991-06,0.6280645918506276,0.5812733166480627,0.506505864777531,0.531124497877689,0.2006311361934921
1991-07,0.6477357103471416,0.5814491418411193,0.4997421010801913,0.5270847173736936,0.2308680249682935
1991-08,0.24404112059712427,0.4418277102479221,0.5330496092219624,0.5132636728304256,0.23409236198876301
1991-09,0.4511540679797377,0.2967611394265535,0.5048638631410262,0.49456887100982955,0.21398089860354666
1991-10,0.5150464026197973,0.35481308072459455,0.5098164896436472,0.4823124260342852,0.21219226701290125
1991-11,0.4501667867848107,0.34103502328556273,0.5301842209318938,0.464421234670035,0.2049505549339726
1991-12,0.544667063649165,0.2271742697936459,0.5126584372808308,0.46245324106517993,0.20081639677560753
1992-01,-0.3091143200239018,0.1546755414635437,0.45883796003317595,0.44383786439133,0.20301110008420484
1992-02,0.04632821631977318,0.08521363783156125,0.4297593001342224,0.4637881724793618,0.22870918102672436
1992-03,0.2772381399900907,0.2928447287341137,0.46325811959411095,0.4699103862876537,0.23568528258457094
1992-04,0.29999850306617165,0.28843835335699214,0.46373383017096276,0.4629402925210027,0.22996225393389932
1992-05,0.3623545924119837,0.2808708852666485,0.47289123863411514,0.4473286368149796,0.2339090433089906
1992-06,0.34646297957741856,0.22949054509187963,0.4457397629020834,0.42654826183673145,0.22015988012735394
1992-07,0.6184488381692125,0.2568535615486441,0.4352719098373351,0.4112942798936721,0.22620267619094792
1992-08,0.6166219229359593,0.19137044254648924,0.32395812538867286,0.43605106018323164,0.2656673269750825
1992-09,0.4178008611676202,0.22516827361563393,0.26093147501548136,0.43206447884187615,0.23648938851187526
1992-10,0.6335000723120469,0.30605331834639277,0.3320096908605743,0.4472472630213916,0.2366979956567258
1992-11,0.029340463110057845,0.17596853551353672,0.2640285296143985,0.4207670685184076,0.4713503260852878
1992-12,0.09857497040466205,0.21371658983062589,0.22530268883206245,0.42482160330259944,0.4668967833676023
1993-01,-0.0885879119045406,0.25876588548120755,0.20585228531353833,0.39170511166199673,0.4503494209405183
1993-02,0.02814695136353346,0.2191924841334518,0.12137967164678601,0.36112278687423377,0.43947108190408896
1993-03,0.1588944876077869,0.1263638044319042,0.22284977959406152,0.3815352413841772,0.45533776043396706
1993-04,-0.059451277666605185,0.18400021617517234,0.24232846711547004,0.3852988847755872,0.44867295654060335
1993-05,0.44176596395921186,0.1978524013031481,0.23286041512761044,0.3926697274775136,0.4301707904546792
1993-06,0.6554928688025506,0.23668553212368,0.2235151112779626,0.38060631180962945,0.4249263860890215
1993-07,0.6664728051790716,0.14490239167077004,0.21667418355795373,0.37582842417501194,0.41729542585192775
1993-08,0.5780934436202356,0.15971857573128706,0.17395702197304794,0.2897701218872613,0.406516402299094
1993-09,0.43848176381222,0.1975597758555791,0.20787290187164087,0.24306306825646756,0.40147886409688543
1993-10,0.21800397642410757,-0.009900374511887475,0.20874089267804968,0.2689035765444236,0.39583691862792764
1993-11,0.5746795442102511,0.4239350900606617,0.2414470718729242,0.2683990979441053,0.3827121970711951
1993-12,0.5684384955249769,0.4981124599345452,0.252190912160861,0.23681475886781542,0.39130669564719817
1994-01,0.8039831230469157,0.5044826049786565,0.34667541067545826,0.23042293515218384,0.3938307421483841
1994-02,0.8010689716576024,0.5073163433042674,0.32023744113694635,0.20119177037419583,0.406873638425712
1994-03,0.9371037100415633,0.6069706399381303,0.3982867285031387,0.33539174987939846,0.41714075262262534
1994-04,0.8426166454201045,0.7808943485592863,0.5330403703345512,0.4307850703235124,0.4455504934357995
1994-05,0.8986756977118997,0.7508891533859767,0.5121858228422054,0.4194084658592704,0.42738912560766135
1994-06,0.8691705699241351,0.7558324319045724,0.5663171014485017,0.41917719832056227,0.41351988344437196
1994-07,0.8223335417075271,0.8084028786875889,0.5573741612511388,0.42959985351434127,0.41018552077507936
1994-08,0.8700276224784874,0.7843201056306077,0.5564357035084052,0.4006995531176276,0.42837480252520527
1994-09,0.8742024837835437,0.837390677715634,0.5653519069251185,0.4203656011608685,0.4241546660156565
1994-10,0.7317560679357635,0.837577195466822,0.5719361942072266,0.4386482596555979,0.4320414421920458
1994-11,0.8008786959677848,0.8722480785604368,0.6760832057146134,0.45511731889138046,0.44997883739052325
1994-12,0.24596935999922623,0.6526058257245232,0.6171566521430114,0.43464845606928637,0.4392793885171522
1995-01,0.31225204212498214,0.6645815858711187,0.6320981095614543,0.5061304126586298,0.4231880752987421
1995-02,0.5826826246154088,0.7585075404386165,0.6682768053502923,0.5296945659200721,0.4239143009211733
1995-03,0.6771658361787962,0.7634500626426866,0.6753063368435369,0.5363865848216279,0.4383393951022369
1995-04,0.5845858173150611,0.6548266643668404,0.7207876799980151,0.5440158488252329,0.44086996361067504
1995-05,0.3947174420230108,0.7147041173962951,0.7505898473454403,0.5749062502757764,0.45629031201632597
1995-06,0.5174646749147491,0.7353837275670316,0.7725633257374498,0.6356612586115536,0.45879602424503724
1995-07,-0.1842308469236072,0.5736950181576443,0.7421913388044374,0.5897834193855195,0.44230379044716805
1995-08,0.5516460319820355,0.6191393092817545,0.7414842070255898,0.6003491408172004,0.4220345952891707
1995-09,0.6030076464644892,0.6281370586721484,0.780620489796605,0.6315318415096319,0.4292385776833029
1995-10,0.5204388458993492,0.5206623667420659,0.7679909306934746,0.6187488566619397,0.4526473701539935
1995-11,0.4605801274174726,0.38473712814018696,0.7724895688030439,0.6722684998510347,0.4462057713893786
1995-12,0.45420793206122356,0.530666581095657,0.7795758093805646,0.6839206785143347,0.43725014221778186
1996-01,0.7381749408534864,0.5329729024471946,0.7686858719046542,0.6958294534469094,0.43661137187642224
1996-02,-0.3507052167695971,0.07369852629012624,0.6158112479126261,0.5747382466195833,0.39675478749552257
1996-03,0.14633234279626908,0.3498938603437769,0.5846056963426738,0.5800610796452277,0.4327387441658023
1996-04,0.33178793811904805,0.41268273446043624,0.5032356833674775,0.6046011251429768,0.43625214673791674
1996-05,0.3063831094773105,0.35732206528326815,0.47227188141868465,0.5819306798001042,0.41923914148241787
1996-06,0.1354905982536836,0.332713906884457,0.4828584154301419,0.5845693006146422,0.4131703709340422
1996-07,-0.24591409985821083,0.18907241331612581,0.37819861951038364,0.5342198631455771,0.38990231752372134
1996-08,0.10889757730373717,0.21736025500735034,0.391664064707826,0.5450746394256822,0.3883814281824969
1996-09,-0.05021417145539758,0.10463767001123399,0.37092126846596735,0.5493334216290278,0.39619398662071004
1996-10,0.22673960829346962,0.25568820568243616,0.36609511252443483,0.5724671087757571,0.41938897139888975
1996-11,0.5098143223113594,0.3676472001037633,0.37509691712477466,0.5928605043270485,0.44778159501693654
1996-12,0.5296770815750094,0.3404612617621762,0.4326202793924133,0.5925804209079163,0.458057822594942
1997-01,0.6927194238201423,0.32448333055964873,0.3871713384892996,0.5557300523831478,0.4536999347794333
1997-02,0.7549948127310621,0.4826937182412692,0.3766590329260396,0.5553408494790655,0.44752935695700324
1997-03,0.7745265345405018,0.4708336927038781,0.42149719184299284,0.5346586858405288,0.4500185851390981
1997-04,0.6769358778829916,0.47815448167582925,0.43884242858357936,0.47963605402570647,0.462991174462505
1997-05,0.7375080910498487,0.5483232449576214,0.4396918515534162,0.4706381679341158,0.45058633146313104
1997-06,0.7434009527454262,0.5742713174074604,0.47602070820126796,0.49008338134448265,0.47829402581360836
1997-07,0.8725399216917709,0.6954586169039302,0.5198128570262159,0.496603240369228,0.4999583124209074
1997-08,0.881986211804889,0.7263563793302988,0.5130969255722211,0.5006128167580801,0.5108842908468346
1997-09,0.8778259532178789,0.7133864690365096,0.4975120458845349,0.49088133914772064,0.5185083225270106
1997-10,0.658119235245943,0.6861869528656716,0.5046817714688523,0.4658027697695363,0.5100287667233082
1997-11,0.657322167100255,0.5705332166528789,0.45627842131412677,0.4216787898216418,0.5088218458737657
1997-12,0.5474437218038345,0.5657912281002795,0.4504691606477028,0.44919536656215436,0.5077005052348342
1998-01,-0.14091801729317496,0.6057870994899145,0.4116199739399431,0.4187729612709972,0.5010997158201984
1998-02,-0.7927898603374859,0.4784900168618227,0.44316117627033014,0.3741021083292694,0.482007597573255
1998-03,-0.8592629768447388,0.30671325203902955,0.38170043934335945,0.34907014135513714,0.4626602062150935
1998-04,-0.8647755835476572,0.005492703777752412,0.35436967855153456,0.3438728277879544,0.46660621436729677
1998-05,-0.6189307495823695,-0.04557053158069993,0.37345089515261043,0.3431610317199068,0.46414494493042247
1998-06,-0.6736563356062711,-0.20585791976814405,0.34507359763070394,0.326620525210692,0.45689398527315983
1998-07,-0.6064267294319906,-0.5253487810839881,0.36169156559087734,0.3368596512350805,0.46456346759547784
1998-08,-0.6555965366222497,-0.5394351332622729,0.2575578509046529,0.24546866259743297,0.3965407461619839
1998-09,-0.5773315969129512,-0.6551388440922246,0.0157074479524524,0.05416416524862858,0.2797020220140835
1998-10,-0.41846185792815055,-0.6308362603689831,-0.019730886287220195,0.052659100821050714,0.27484746231367563
1998-11,-0.7710017920148704,-0.7613357189930343,-0.24425828966726995,-0.07366880935862678,0.16208194784492416
1998-12,-0.742222670902207,-0.7330691178756018,-0.24122142591421888,-0.07218469715691762,0.16781548848593214
1999-01,-0.7529044779494369,-0.7414873778122898,-0.25707314541122805,-0.08180322739211203,0.1575934236935354
1999-02,-0.6878846882781299,-0.5954811893198592,-0.2081326812410867,-0.030651600069868903,0.16010097835269319
1999-03,-0.32092068617956593,-0.5728393065212464,-0.2663251098317377,-0.08083465617015277,0.11865936537458117
1999-04,-0.12259319187919193,-0.5632449649535967,-0.3652426468327313,-0.10141892591441823,0.06036617580088933
1999-05,0.8013269416968036,-0.46651697893352134,-0.3467257081920275,-0.062301024675600364,0.07525035559028577
1999-06,0.892176332073681,-0.37154468267328294,-0.3094013171813467,-0.027704641005477596,0.09923399687672817
1999-07,0.9261875903681068,-0.3544668946941819,-0.359210186965151,-0.017738168266600244,0.09231583683211125
1999-08,0.5917891540828119,-0.2499617256821574,-0.3021696924420908,0.013030809603254494,0.11238279000190494
1999-09,0.5728320777134953,0.07081723317148544,-0.3002142061117956,0.012627093201190109,0.10727310390579414
1999-10,0.47639263464105486,0.15379151079899078,-0.27124939981233437,0.015157276741784687,0.10857205007422079
1999-11,0.6774195454579143,0.6070083350910993,-0.22014153409786044,-0.006439590015450988,0.10171535062577176
1999-12,0.5661569794219008,0.5495466604977075,-0.22942222111495705,-0.015826904135774075,0.10637879517274562
2000-01,0.41926208792163866,0.5604862721033947,-0.17500309022777216,0.021511830251158198,0.12272674905188095
2000-02,0.08598090723428546,0.31521625041322754,-0.2127928380805775,-0.014002157513057837,0.09792754898692613
2000-03,0.3048625435607772,0.43566413312486424,-0.16590044308449012,-0.016587486655815793,0.10521710112124788
2000-04,0.15212182678298058,0.3875530055007045,-0.16368862948580187,-0.05781590407101334,0.09779644674627294
2000-05,0.4080136474144021,0.4718595860766155,-0.08159440684996092,-0.0277874651499408,0.129685241567397
2000-06,0.6781363538757522,0.4961656960052949,-0.04272214419879323,-0.037199982495312665,0.12805706887474025
2000-07,0.7458902524065599,0.47843454805948393,-0.05261492048945078,-0.07837955395669766,0.13154082852597782
2000-08,0.9097167762632827,0.44048844925525715,-0.010365120776201935,-0.08490859217820079,0.12125048177104568
2000-09,0.9289232661395098,0.43336322039408826,0.17608335750416612,-0.08527754295811109,0.10898730986345369
2000-10,0.6072055504269095,0.3129778794877167,0.1367329535143159,-0.09476898495858256,0.10048093809414783
2000-11,0.6649061234368904,0.34820701060601256,0.331645854445203,-0.0847401779015957,0.09796466028954644
2000-12,-0.21623871360932906,0.27303967291575565,0.14252723037471604,-0.1479077386878008,0.03645717829072061
2001-01,-0.18679012204000942,0.33678057594970784,0.16633236917636443,-0.14459155963527073,0.03639554577476483
2001-02,-0.3270112586374041,0.36219636223441304,0.151267502291985,-0.14409069670496624,0.05007627959028716
2001-03,-0.29505359199601094,0.12196891292132121,0.07141244667386094,-0.17551443118641658,-0.006079793155934894
2001-04,-0.5282990018186751,-0.023642162405253266,0.054021555777424804,-0.17313480501324913,-0.0067136079078521736
2001-05,-0.6842726073909274,-0.394180257245361,-0.039333975488942234,-0.2129989371047049,-0.033253889415463096
2001-06,-0.8112321764830814,-0.5755805062270418,-0.06217475817354908,-0.21859905687713163,-0.03892823680497808
2001-07,-0.8704030841439029,-0.5726063751903578,-0.08651092583126191,-0.22615452647618328,-0.03756923798137126
2001-08,-0.7642111925364633,-0.6293049045029495,-0.14072951544903686,-0.22794278949982025,-0.060486564077145304
2001-09,-0.7641219714428976,-0.6302259668416925,-0.20955881198299517,-0.21745732864305728,-0.09899853186728591
2001-10,-0.698133642939099,-0.5787040078395395,-0.19955384318181574,-0.21458034772480813,-0.11074403888850036
2001-11,-0.6177639400298627,-0.6139879207404709,-0.25246037358907686,-0.14334831025875755,-0.14518352636695342
2001-12,-0.48539314525764554,-0.6092738474463708,-0.24197088183504045,-0.17936847414376117,-0.14395499501028602
2002-01,-0.48590857519784997,-0.6186823684038151,-0.2467765499816968,-0.17289711294075544,-0.13432612718257053
2002-02,-0.5116674202986,-0.624634164978606,-0.2468615851552447,-0.18687770386026675,-0.15090427864130773
2002-03,-0.43363386418742345,-0.6375506216065945,-0.37779426363182467,-0.21632818957307942,-0.18478536383713823
2002-04,-0.6801761818137403,-0.6608469728971207,-0.4115688567224137,-0.23114114459997867,-0.20462225164072292
2002-05,-0.859275730932235,-0.6097478371991117,-0.49360107913974766,-0.23806069545701586,-0.23799037763041353
2002-06,-0.9624969631630428,-0.6389012229795437,-0.6060404678887245,-0.27551667945540526,-0.27758914956115477
2002-07,-0.9560660110523967,-0.6808761429081769,-0.6339185808584481,-0.3416001181240391,-0.3389677195539812
2002-08,-0.5842124426976265,-0.5643737288070678,-0.5850339155938296,-0.3280723400757213,-0.3251930761026002
2002-09,0.03782923728141299,-0.5722997933049906,-0.592145917474856,-0.3512539443433892,-0.34639661494597196
2002-10,-0.16796869513958196,-0.6293056215626437,-0.5975344750134332,-0.35457152151494314,-0.34744864744677967
2002-11,-0.5403287869041888,-0.6329975866821823,-0.6116442676270926,-0.39919909964465816,-0.35600526749779793
2002-12,-0.529876432489573,-0.6465311969908552,-0.6281086580065157,-0.38041684896570777,-0.3581295268045491
2003-01,-0.48859735105840196,-0.6501622504474275,-0.6340719665009807,-0.38816446974483765,-0.36151095279544765
2003-02,-0.7251826895111235,-0.6442894885679848,-0.6368866056139113,-0.38886658488312154,-0.3676630849860702
2003-03,-0.71638649520022,-0.5185469785949811,-0.6191294625210714,-0.4278926281979158,-0.3615974922548949
2003-04,-0.876071966997994,-0.6186250959792041,-0.6465342955486774,-0.47590434830252637,-0.37429998651343305
2003-05,0.022882515875262743,-0.38408905615018357,-0.4640965005648942,-0.44232643440735314,-0.3287526921614908
2003-06,0.11981835732156695,-0.27912607588180766,-0.39718523739216055,-0.4387267178754897,-0.30413988366838335
2003-07,0.14963906611491087,-0.096176347102935,-0.3545397910454871,-0.4016512161316426,-0.2914658003424503
2003-08,0.7415343252979429,-0.058636587520930476,-0.32881862617711993,-0.3967546238220572,-0.27635583710967954
2003-09,0.819992681109574,0.16687101837076163,-0.2657618338574477,-0.37766754560448784,-0.23877343892852393
2003-10,0.907437009025202,0.16180148692918772,-0.287237335298499,-0.3821691027519203,-0.24659009472962343
2003-11,0.8137918479542803,0.21718141947972078,-0.28017744459028504,-0.3835016062373209,-0.20747229779471407
2003-12,0.839738009876308,0.2377920870501993,-0.2686555066552229,-0.36822318007755056,-0.22008554035682973
2004-01,0.8289539281963306,0.2665784432738836,-0.24583487554076824,-0.35079259243318,-0.20411885716026307
2004-02,0.57113363113747,0.6325210564622981,-0.23557864385198213,-0.34839059852518295,-0.20620157800194117
2004-03,-0.43320778698472256,0.4098679315053988,-0.1904636588152939,-0.33257270734756517,-0.20098739657819997
2004-04,-0.01881570816768372,0.5213669196659378,-0.18674558935462804,-0.3249765063145007,-0.20582562818451813
2004-05,0.28175185128506025,0.4830656554828075,-0.13646077118876854,-0.26090013105820364,-0.1884571966553496
2004-06,0.26552210187110553,0.3962038773782898,-0.0932573004122635,-0.25691550687168435,-0.19546072212325682
2004-07,-0.14775439434252532,0.2033461506137811,0.0008633386831694878,-0.2649010313048858,-0.21102334197563039
2004-08,-0.2627091212661933,0.04485803647201627,-0.02656088345937815,-0.260716040850746,-0.22580311974621028
2004-09,0.004571860662974037,0.02645957595388896,0.10860917191044002,-0.21087004112865973,-0.2187057190079569
2004-10,0.19612415878105335,0.03178129367078945,0.09836216512618708,-0.2252126536407811,-0.22421633774723404
2004-11,-0.8127887855331156,-0.02978000232312074,0.11791207138909929,-0.2270105507663122,-0.24508452925058868
2004-12,-0.806933333947075,-0.04843722032692182,0.11951662866299624,-0.22505560731081858,-0.23831620819790547
2005-01,-0.5364243314745294,-0.13810233134436864,0.11417637970268597,-0.22323559281680835,-0.24212456645514707
2005-02,-0.27428771911972627,-0.13375430701584937,0.22347524939953206,-0.21300068115801812,-0.23808572233851216
2005-03,0.05280961949158894,0.007767075168556328,0.2552944448331624,-0.1595832215438844,-0.2520701275299998
2005-04,-0.2607302792638491,-0.05533190162011371,0.24160257582122238,-0.16544484636427,-0.2651936271660719
2005-05,-0.05033580931475772,-0.3317387936078098,0.14730513434895923,-0.15776873954717807,-0.28917811772823654
2005-06,0.16552475587531598,-0.2730095210301174,0.07945770138923644,-0.1167251693153664,-0.3074908805064137
2005-07,-0.005001125550199492,-0.19529222229086424,0.055817374312366365,-0.02902841694596033,-0.3131273915093024
2005-08,-0.02388226641363382,-0.04854121421322834,0.010570513418294998,-0.029432464625861236,-0.3191302149254793
2005-09,-0.26111874308360516,-0.15097242202227507,-0.033410807614711956,0.07068275556441896,-0.31874820998822934
2005-10,0.6148442946637843,0.09578407734916589,0.057868067679655216,0.10211657707024863,-0.30036624616336194
2005-11,0.4430642550609989,0.12907433139491734,0.03503944132053716,0.1239513609078601,-0.3045873230385779
2005-12,0.44348343732553686,0.17978313927059014,0.03723843460206252,0.13170375945550708,-0.28404205905655205
2006-01,0.5733822524749004,0.21709445880076994,-0.010476249363590697,0.1322285255927726,-0.28345727777278446
2006-02,0.5862632159708148,0.22177921293440972,-0.005297876383138756,0.22665808162127896,-0.2803488207455467
2006-03,0.6581599520425383,0.1296772067858462,0.052354106909024714,0.225833053106162,-0.2609928018023988
2006-04,0.3844712738067726,0.40941924986633343,0.07107581966116172,0.2683449130009427,-0.2623849927243531
2006-05,0.5082013585274234,0.44877585749416027,-0.058577118505234484,0.1943302650827879,-0.23650600888212894
2006-06,-0.28126265563757163,0.18289550159546156,-0.06918223174103076,0.10644964232197164,-0.23080576029995348
2006-07,-0.483339800427501,0.25553027803258954,0.030864257159108607,0.11064711884132357,-0.2292255333112623
2006-08,0.15643286417506846,0.35879792466844,0.16492437721286343,0.1072398442515653,-0.2084274020362331
2006-09,0.4424049454454563,0.4473484707140006,0.1615370750582667,0.0967682075471131,-0.1574680248937828
2006-10,0.4894295886639274,0.26211262825834164,0.1690847858992569,0.09668515081309391,-0.16821230074203677
2006-11,0.3775078059943259,0.3944344584547893,0.24864954329088762,0.1067630456733214,-0.15760585740156574
2006-12,-0.03509989526732934,0.3861263976861303,0.2704095640199837,0.10645274828337664,-0.15135609577076628
2007-01,0.467808323467187,0.38044096147038514,0.2863461301152149,0.07229417370445575,-0.150076887847011
2007-02,0.49055113479838663,0.35170510784330955,0.2852732916243019,0.07407365088506035,-0.13881605416449377
2007-03,-0.2764616844309337,0.14344340744951384,0.13679034301426748,0.07815980574609278,-0.1149180292308297
2007-04,-0.4611504506503866,-0.027777092536398,0.16937915057839048,0.05858344852776761,-0.12072110976073215
2007-05,-0.5832825555943147,-0.1928054891377562,0.15274407187167724,-0.06809145323411,-0.12129549977444742
2007-06,-0.3097306915482804,-0.05063652560743213,0.15478436990054548,-0.04412632927155722,-0.08023465053702604
2007-07,-0.39106054671077806,-0.07849741220055856,0.15997203337780283,0.02331027748036823,0.008068822868993715
2007-08,-0.6784768658372116,-0.4495548472930596,-0.10198552552066696,-0.08381228579786937,-0.04698312861698855
2007-09,-0.4951458777752891,-0.434157184982419,-0.05244670854431509,-0.07929134680434492,0.036410317405101984
2007-10,-0.4284994436763201,-0.43984179355373165,-0.18408219962480138,-0.07564570235757084,0.031185641306226797
2007-11,-0.5928690355668274,-0.629552552647405,-0.3507455057219962,-0.20578447287470517,-0.022365448310115162
2007-12,-0.9088287601254894,-0.6354843300219941,-0.35904514645989644,-0.19954320009468374,-0.020998698962413243
2008-01,-0.91960210549678,-0.7411478387294917,-0.48665376726964604,-0.3290262738805976,-0.09969633496585761
2008-02,-0.7812939102646301,-0.7148739554968729,-0.4915382071028358,-0.326097136475625,-0.07257343726052919
2008-03,-0.8842362598704423,-0.7226654085730864,-0.5098842437884519,-0.38902285194673203,-0.09605636116235258
2008-04,-0.9329148369005773,-0.7339455714483022,-0.5687182382825487,-0.40358575158090493,-0.09429254614095199
2008-05,-0.9288757058833329,-0.7443393247301877,-0.6084112765485405,-0.4319132070266758,-0.1654376618495482
2008-06,-0.6611827550069683,-0.593961124762355,-0.47949604589772415,-0.35630494014746006,-0.170071963440246
2008-07,-0.5069104622224232,-0.5618276407529159,-0.4584144674274301,-0.3517653082827068,-0.19703077706639882
2008-08,-0.32768917484865073,-0.49201819998459884,-0.4793404145573917,-0.3386485256376009,-0.2133974527580458
2008-09,-0.4264941705996848,-0.5891772028719642,-0.5304010381810592,-0.36909294498158113,-0.25666480669302516
2008-10,0.1264761781379776,-0.09858360132794967,-0.1946149323783008,-0.17526465137593655,-0.11398594179332992
2008-11,0.30566096607955684,-0.15336959441758832,-0.2653418742670945,-0.22081429139110548,-0.15991580501671399
2008-12,0.5288238852766894,0.06410283629672259,-0.1336803116840827,-0.14375012034657272,-0.13082505438297393
2009-01,0.3833538632887349,0.06751734782474997,-0.12068312931701004,-0.14133238402581755,-0.1376115608287148
2009-02,0.4329669411050237,0.11946411642422364,-0.05302684353132505,-0.0744011037310554,-0.08677648814151843
2009-03,0.4211438765898304,0.11412166567872725,-0.048653610292151206,-0.061961520132928036,-0.08315413575104844
2009-04,-0.022398515360197838,0.06420742555801948,-0.08153165608516641,-0.0956272563029322,-0.10051637519254007
2009-05,-0.10369651520791498,-0.0162094728148024,-0.14329030827941747,-0.15187419679974656,-0.15835382978773876
2009-06,-0.13182672257835173,-0.09289918376741556,-0.16964790436592508,-0.17682336230092346,-0.1735394445704771
2009-07,-0.08901874359841286,-0.07587653275649665,-0.16523492590345645,-0.17226389009936205,-0.16416473568266116
2009-08,-0.3160709913163667,-0.09508041351939428,-0.16095192698288738,-0.18729613452172422,-0.1626376858622671
2009-09,-0.19817645347272217,-0.05939831046502369,-0.15552691161695473,-0.18207985399135146,-0.1580972163145414
2009-10,-0.30429271150198495,-0.18912974806044286,-0.1547269639314771,-0.18157697519643623,-0.15813799499640788
2009-11,-0.07410972720143243,-0.11462338515791738,-0.13519219719690465,-0.18796528844938187,-0.15309200143165203
2009-12,-0.11028018628842488,0.025466313135751335,-0.14797015458233184,-0.19704737672997294,-0.1570201596090103
2010-01,0.24608447484281865,0.025349073682594574,-0.11518656536686839,-0.19870757113670975,-0.15937334709981724
2010-02,0.07025632590223121,-0.3131921832819912,-0.11689313366877267,-0.19951008584268526,-0.16115786344560643
2010-03,-0.27633141217871854,-0.23856992814992967,-0.10958573850696311,-0.19929987468564125,-0.16866322168574893
2010-04,-0.3780904346029032,-0.2636719704263708,-0.10479782417799473,-0.1993567992916137,-0.1700571022079224
2010-05,-0.7880399671087398,-0.4983670122400452,-0.13688397526503313,-0.22558120423455125,-0.20584989572556822
2010-06,-0.8263513288114488,-0.6317247236618705,-0.16830115832765769,-0.2324690337054851,-0.21926594845988787
2010-07,-0.8406181803559304,-0.6469382695688544,-0.16357842494001382,-0.23203923817157646,-0.21550694826176472
2010-08,-0.859101784237265,-0.6274450916846435,-0.1592522460621042,-0.21003859979526052,-0.20956836146823504
2010-09,-0.8393105124328996,-0.6989390318476324,-0.14608699936974415,-0.21697514975802545,-0.20828301350929015
2010-10,-0.8102857011262525,-0.6412468370113235,-0.28108045785721947,-0.208170456331939,-0.21657103289159776
2010-11,-0.4678283052201969,-0.6242614083677032,-0.2461731160229094,-0.19818264169686442,-0.21866502509934851
2010-12,-0.5006307893848394,-0.6045329628228034,-0.2811663391191445,-0.22337641658411359,-0.23759573342728274
2011-01,-0.4059002319096679,-0.6234911747688664,-0.2965151561971062,-0.19855947319989903,-0.24254845923819177
2011-02,0.3356570386241957,-0.6663299772251474,-0.4799726254221842,-0.20668266371421842,-0.2502721480106359
2011-03,-0.4298658917282081,-0.7076921100466961,-0.5157302892833397,-0.20081532394132465,-0.25074082695591327
2011-04,-0.7900129064217261,-0.7017936436349158,-0.5631139415309812,-0.19296859587921636,-0.25289877818963846
2011-05,-0.8034577518163254,-0.5946864609517355,-0.5189045570857612,-0.18221768367108065,-0.2521873289758049
2011-06,-0.7317813995551014,-0.5590367857031059,-0.5473391975559181,-0.21131255443042984,-0.2593113818597572
2011-07,-0.6800912046457542,-0.5284314137969549,-0.5493788973097409,-0.20911589847011636,-0.26016972998544385
2011-08,-0.9074947103801824,-0.7923828957902523,-0.7305241119218823,-0.30250618003746654,-0.33422100216393297
2011-09,-0.8859659830477197,-0.8017470757133934,-0.7593085131406209,-0.2954831498353238,-0.33898448622840244
2011-10,-0.8776542316409904,-0.8607129394655362,-0.7636405635836561,-0.44446203294181813,-0.3440902506004944
2011-11,-0.9073460708135309,-0.8455712687630218,-0.7564736210177123,-0.4290630575326384,-0.34441768496333464
2011-12,-0.9443533321389739,-0.8924095082718313,-0.7579152457154574,-0.49320966699560914,-0.34523010170309243
2012-01,-0.9319619830164311,-0.8736537918867929,-0.7569060702774504,-0.5021967606384202,-0.34599527494414806
2012-02,-0.7412643113978259,-0.8792079324343877,-0.7780133825349861,-0.6385449374751964,-0.34738791446415046
2012-03,-0.2130308188680952,-0.8620255810679801,-0.784926670756532,-0.6625076312168624,-0.34991505813311025
2012-04,-0.4579505019682206,-0.8607034010941653,-0.7801410987317243,-0.6988331743070056,-0.345188700818509
2012-05,-0.7469962901161026,-0.8867985807444392,-0.7627721458966465,-0.6872207241410568,-0.34853133293053556
2012-06,-0.7824783300270589,-0.9063815581028617,-0.7649561634522585,-0.7073838604392905,-0.3539161579567213
2012-07,-0.7754435859815996,-0.8970267243584878,-0.7565531503284038,-0.7058283304460726,-0.35259959443718547
2012-08,-0.8502583290751575,-0.7448713284468041,-0.7753907309897726,-0.7313331722015778,-0.3488748215803838
2012-09,-0.8815530805003183,-0.7215316165837362,-0.7844051030005779,-0.7567113972322465,-0.3564771347528743
2012-10,-0.7850993553597383,-0.6619944197722136,-0.8068559461355694,-0.7491743162408505,-0.3550204116573821
2012-11,-0.6266515849262422,-0.6761522879835815,-0.7982463076514931,-0.7415547779305187,-0.34196279519509776
2012-12,-0.5569676566119482,-0.67826981902662,-0.8347802501579871,-0.7441184295571084,-0.3444348243759182
2013-01,-0.9187976019549622,-0.7685579833533729,-0.8388073584339281,-0.7560203599927995,-0.3334668092008114
2013-02,-0.9114965406541721,-0.8189902470676247,-0.8380778662074239,-0.7716638624741222,-0.3365030027834694
2013-03,-0.815492305074417,-0.801588056116886,-0.8347559442916098,-0.7812026834465168,-0.3307908768178391
2013-04,-0.6252913148168094,-0.7230267566837331,-0.8202260307668338,-0.7698597226629807,-0.3211184390885082
2013-05,-0.8367272656574398,-0.6716258927415637,-0.847282134341661,-0.7544777382330663,-0.32579741194800305
2013-06,0.1734601287106312,-0.14486056917511017,-0.7205236289904136,-0.6642219340225682,-0.3282932477633612
2013-07,0.18708766795893264,-0.25187959724668935,-0.726058799880847,-0.6642298847243507,-0.3336331258148427
2013-08,0.19492074803407453,-0.19967808839776888,-0.4507437216849639,-0.6607119915371503,-0.3334906036926129
2013-09,0.11482292187533191,-0.2237180775027024,-0.39920622236933967,-0.6686720793280273,-0.32486586041817506
2013-10,0.22749310828631214,-0.1500883986902607,-0.3584617788309732,-0.6839097078481668,-0.4395299268647594
2013-11,0.3676671056868903,0.06968073283243426,-0.37668236483404033,-0.6851667254196365,-0.42683023096672057
2013-12,-0.07477967238126693,0.08607131114130907,-0.3665629157019194,-0.6870410789398184,-0.4711798369532251
2014-01,0.13592406100340146,0.12448514336779071,-0.4055705012969205,-0.6845681904409702,-0.4796816238229595
2014-02,-0.38084004184748843,-0.01644920876011343,-0.45138682384408846,-0.6815380803211226,-0.5823680708838421
2014-03,-0.4402057835699211,-0.02337952353137092,-0.4274113633472027,-0.6753399178519761,-0.5976154474667991
2014-04,-0.6098419266183098,-0.04455989766885891,-0.4144672192928744,-0.6730798095297537,-0.6268739753098751
2014-05,-0.3685385295714408,0.07942627333581286,-0.28765587489280364,-0.677520800020735,-0.6053480904014598
2014-06,-0.6045073054822356,-0.3297533153702484,-0.2099544401814566,-0.6726674409437514,-0.6123424962756555
2014-07,-0.6220609556452926,-0.1617532321593438,-0.2425674317303231,-0.6749181229957272,-0.6140422157455822
2014-08,-0.583577238183802,-0.4291047891078795,-0.25697790566782497,-0.44602742671408624,-0.6370727736996861
2014-09,-0.4789308791454943,-0.4539836878078495,-0.2583029330070284,-0.40590583700995286,-0.6566624362650574
2014-10,-0.7740574062109339,-0.7193190843035278,-0.37655735990530886,-0.4487548060311169,-0.6655930190578248
2014-11,-0.7954815298139358,-0.6169092368918726,-0.311683330732184,-0.44164420444854097,-0.6586064532501561
2014-12,-0.7723996778572074,-0.7256318682394785,-0.32484280478461497,-0.4469126215304918,-0.6591865455082065
2015-01,-0.7472227137864973,-0.7363160771196422,-0.36095393430137923,-0.4985178925506273,-0.6656327439226211
2015-02,-0.7680140204587718,-0.7384142694090349,-0.3676149123972921,-0.5158149299677287,-0.6769047159588987
2015-03,-0.6934268175041702,-0.6524927309566813,-0.35651746926081046,-0.49376410465411197,-0.6796932439204995
2015-04,-0.6162434113611939,-0.6750841163051562,-0.37343776236749077,-0.48763881637517403,-0.6767924434939034
2015-05,-0.632735812084627,-0.5671577916122477,-0.29743356611466215,-0.40523971735288083,-0.6348276330836478
2015-06,-0.4697942427111124,-0.45715874276694535,-0.4272058123461533,-0.33972332591305054,-0.6095046191620122
2015-07,-0.11114584140831127,-0.47007597357685593,-0.37691814873122714,-0.36548685389329294,-0.6063018400884169
2015-08,-0.5156844430185568,-0.498190228586456,-0.45110899000364724,-0.3813971380489131,-0.6186594219669534
2015-09,-0.3470654171138812,-0.37280052865882835,-0.36560807357520947,-0.34834202003099785,-0.5998497397492979
2015-10,-0.07105010972491552,-0.1908127193553497,-0.35213100903144356,-0.3113244244762268,-0.6034968785621022
2015-11,-0.18876119921772452,-0.2700793961380719,-0.35933408189500676,-0.30851381988300813,-0.6057093452466583
2015-12,-0.25778539278171003,-0.28819755566245575,-0.348736081323158,-0.3066279009269536,-0.6012930881428439
2016-01,-0.44650693295013755,-0.413602355155583,-0.3867000652544864,-0.31651329281942575,-0.592475093838315
2016-02,-0.2685652769945127,-0.3117026747874691,-0.38291554823852536,-0.32451994845020227,-0.5861748031256995
2016-03,-0.5416481282799676,-0.3813899206275272,-0.4244745553222117,-0.3486613075806002,-0.5868486653552635
2016-04,-0.598774203186865,-0.35715108524929357,-0.4109080178586372,-0.34964468564819795,-0.5802923691338293
2016-05,-0.5514303825529215,-0.3713098410814765,-0.4225763750316715,-0.3189805699525714,-0.586243069846196
2016-06,-0.5590988859502211,-0.3931926935655015,-0.39891965929747,-0.40067789498870343,-0.5757820211239835
2016-07,-0.660841237172154,-0.33858679273205955,-0.3652120401409097,-0.34489223491541193,-0.5634804893022238
2016-08,-0.32522924552758353,-0.30545708620755047,-0.3622759262532451,-0.3633581185893184,-0.4092668517170508
2016-09,0.6257289354303907,-0.3456926955337133,-0.3375973768140415,-0.34693902933859483,-0.3880481160847345
2016-10,0.7027055315876582,-0.34015537314514677,-0.26671762012481115,-0.34474341839358197,-0.36344472125237876
2016-11,0.3898719481037727,-0.2474538115788699,-0.25575885123144465,-0.30539053974420516,-0.3514507511843154
2016-12,-0.0414939813030602,-0.35033013373056987,-0.3310150178556641,-0.35175499413467126,-0.37511809776091554
2017-01,-0.44730174272339446,-0.24203661875844487,-0.2987724490274264,-0.3494329784278859,-0.3832389698752823
2017-02,-0.2556779233917691,-0.07350114185784745,-0.27860008701159017,-0.3419067609989853,-0.38668851613321586
2017-03,-0.1877780079004948,0.001412128191081368,-0.2844498098626103,-0.3453952469175864,-0.37883206360288535
2017-04,-0.5586169931962311,-0.1790743738753377,-0.2959857513367386,-0.35112340346696713,-0.3803180232619375
2017-05,-0.9175870682470905,-0.16125948868168175,-0.3026923534864887,-0.3617989742817472,-0.34892462105152466
2017-06,-0.7231524278313883,-0.11709642707304073,-0.31456829720039703,-0.3500801146550381,-0.33036250928129607
2017-07,-0.378535444944462,-0.28451436651371315,-0.3095952150996841,-0.3515823977167582,-0.3381998684910662
2017-08,-0.521504579204388,-0.33320443244929704,-0.2791186584925849,-0.34719926099394677,-0.3308646142219387
2017-09,-0.45702992492277345,-0.37149493333294414,-0.3080754020672917,-0.3421268559371956,-0.32893589043052196
2017-10,-0.49023580751202195,-0.5522474696166522,-0.37741600999933683,-0.31769017999126903,-0.3391084438905489
2017-11,-0.49123757118357403,-0.7917823927513479,-0.3534150102448619,-0.3253025638632519,-0.32811029316579976
2017-12,-0.586048310933299,-0.6169088822004051,-0.3579522677850223,-0.3287769250383588,-0.3273751639523248
2018-01,-0.9090651813368303,-0.7154088322443329,-0.3534271764469695,-0.3301916965362597,-0.32749707558471436
2018-02,0.3536702052492754,-0.02185673891920729,-0.06036690979809417,-0.23009766175985905,-0.26118566194970216
2018-03,0.20019394788177258,-0.04352793366493804,-0.025660248751386096,-0.23558176119939273,-0.26593702918124446
2018-04,0.13507580224353358,0.05344164055097818,-0.0641872318746841,-0.23417461853400307,-0.26949316619185254
2018-05,0.0918552992453918,0.029428102377231646,-0.06009707867706207,-0.2451401653248495,-0.25306255893308455
2018-06,0.14961931210645954,0.037932527049594385,-0.035612171034868384,-0.25376700286675036,-0.3003589154805268
2018-07,0.6749733108538922,0.0403470088519083,-0.1047625181605665,-0.24812890558066839,-0.27983913282153744
2018-08,0.10683244533102289,0.14431987500280608,-0.09081159924673413,-0.20985580961395583,-0.28755928486374877
2018-09,0.08911705121765724,0.13557574513312598,-0.10379420550744266,-0.2204038524742045,-0.28939726997347054
2018-10,0.6030081119354966,0.30867255544876016,-0.04575938094181702,-0.19798408261049394,-0.2592675629814109
2018-11,0.47622527641476053,0.177388066970179,-0.09658110922404181,-0.18797542729550565,-0.253302837280241
2018-12,-0.4631974135841352,-0.28867434539306264,-0.2439904579023275,-0.2980920423853842,-0.3145921547188346
2019-01,-0.343316085689907,-0.07238408118479135,-0.22730263673914441,-0.23208612239871332,-0.30781715133898535
2019-02,-0.2540893727450796,-0.24536664704993494,-0.1867375266223016,-0.17027535640582175,-0.28715184442234587
2019-03,-0.1298238795789042,-0.20388303579765493,-0.16140967170178283,-0.1281440787968869,-0.28075014318642205
2019-04,-0.7425378361891825,-0.2270986894942138,-0.12011616757789272,-0.12799868026192296,-0.2728126203791798
2019-05,-0.9543462318000039,-0.24435039276378087,-0.15964401370288522,-0.15611812848428092,-0.28932877401708595
2019-06,-0.47040749131669607,-0.15424762379742726,-0.13188474512225995,-0.13776402184833536,-0.26732783293301426
2019-07,-0.12038736413385995,0.05933562470355061,0.005458721294115774,-0.05949993731133196,-0.19993271464825066
2019-08,0.5042664993494974,0.15012111497600933,0.024669827442964455,-0.054763104365082034,-0.1883138432708204
2019-09,0.27565384196654785,0.11418470507444592,0.004601133251996509,-0.07361631540351471,-0.1914464069762603
2019-10,0.4383812102265794,-0.04837024338155512,0.0411940314821789,-0.08906974066818908,-0.16490447210024997
2019-11,0.16418977854028532,-0.20399654219336794,-0.0030783340696390717,-0.1203788733617053,-0.17552798977145528
2019-12,0.18299638471685173,0.0012489050194428584,-0.0011595659335312354,-0.058610353557544764,-0.17823904821301423
2020-01,-0.22390912761897927,0.009389583590018388,0.09349006690360166,-0.04515951163537464,-0.14589965290034376
2020-02,-0.5770523998099952,-0.011387154412017349,-0.043861946581174725,-0.06160756110185813,-0.14436777342019794
2020-03,-0.9208924293654556,-0.6434575049395317,-0.5494117105837922,-0.49473075435899205,-0.42556176775788296
2020-04,-0.8835896454932203,-0.6029481358735317,-0.5313381753960821,-0.46104319065180854,-0.40114877173037294
2020-05,-0.9079489948513078,-0.6291893651694768,-0.5434666123421078,-0.46349498653912086,-0.4081346536786073
2020-06,-0.9449082063946582,-0.6833932536259061,-0.5623554683019251,-0.47757896959704027,-0.4248158601169374
2020-07,-0.9448685267457823,-0.8164044273476682,-0.5577010697211275,-0.4757883428236628,-0.41760522466042815
2020-08,-0.9519847092074248,-0.8673655341546547,-0.5681473633144365,-0.48128796971645194,-0.4143830847533878
2020-09,-0.08857597100125154,-0.8408543991838607,-0.5577244517796515,-0.4725824973545189,-0.42134363685792803
2020-10,0.07577591952589924,-0.8267385490924994,-0.6240159595272821,-0.4676466178134665,-0.4302544648590363
2020-11,0.02464165009443971,-0.8246409718588362,-0.6436480976981964,-0.4746729915839648,-0.43158838437625047
2020-12,0.1018565708781252,-0.8318010813075766,-0.627159664724448,-0.47852988549441833,-0.43723805996464676
2021-01,0.0837103432743025,-0.81655013305189,-0.6173714266450165,-0.4669368946259904,-0.43116956767750053
2021-02,-0.2465335382238583,-0.8095573012133245,-0.6080298653822401,-0.5357829308453719,-0.4279287859414571
2021-03,0.8388003156734033,0.39354351784177255,-0.5488711317677543,-0.4953953619444944,-0.39878513556225476
2021-04,0.95320219769871,0.434383847773941,-0.5530882725645657,-0.5067896948666623,-0.4018143564312897
2021-05,0.4133481540206827,0.262574191120115,-0.5464315427622471,-0.5074257370263416,-0.4029063079254998
2021-06,0.1926434655318032,0.18116536498695424,-0.5656807430529461,-0.5070680726321831,-0.4024379912369302
2021-07,0.2541598379223457,0.15010313914696252,-0.638663227951599,-0.4924166117260223,-0.3985075038533961
2021-08,0.26249238854280754,0.12984300666881257,-0.6557175000140187,-0.49187113683987627,-0.3985936554962935
2021-09,0.16801889826286495,0.19058504251390226,-0.637849426596888,-0.48264219467433306,-0.3982122085184712
2021-10,0.8512545389125167,0.2588871507652956,-0.6082061179056433,-0.506946257201085,-0.3969444320811133
2021-11,0.609227898961265,0.32109888403701625,-0.5975679860436505,-0.5109792255188887,-0.4128043671747012
2021-12,0.47618510388830404,0.22826565741918223,-0.5997912726335176,-0.48116416088236263,-0.4069924229574947
2022-01,0.639740024716678,0.4300028199172231,-0.5278473066907291,-0.4145569602818435,-0.3631558596610246
2022-02,0.602999685669841,0.502916491572257,-0.48672332330681645,-0.38077709129975906,-0.33553088479044546
2022-03,0.617063959741249,0.5999039743125368,0.4066981206472309,-0.35917607112544664,-0.3184711464910489
2022-04,0.3618016269126869,0.5519676957455111,0.39114447973632843,-0.3026247608660859,-0.27075657626242244
2022-05,-0.1774393374404131,0.39672435439170234,0.3285131538315535,-0.24388150391560084,-0.23057430044373223
2022-06,-0.6619365270878388,0.3824617313330433,0.36154843419449056,-0.2254008176449988,-0.2081027877696645
2022-07,-0.018824550691590336,0.2807817990419331,0.29327216334063216,-0.28123904777696557,-0.2087930080490742
2022-08,0.2012542149563878,0.3010712507352553,0.31196541917457277,-0.26745717541856234,-0.20195793831701572
2022-09,0.4085781008304137,0.4682322578420488,0.47181391131571715,-0.1204182951830847,-0.09152363949084469
2022-10,0.6143934108706892,0.4932903235132783,0.5026544824781553,-0.07971554559805821,-0.05450200773112935
2022-11,0.793151572100031,0.5251301691667527,0.5341029169392046,-0.05762667220893598,-0.043926887822793505
2022-12,0.6941504394405272,0.4991886790740484,0.4953307714684213,-0.06291223529846206,-0.047201062077768356
2023-01,0.7511875842096712,0.516861299245168,0.5099475908754921,-0.07024603595830262,-0.03464082014005769
2023-02,0.7317149814478481,0.48249355608619,0.5052214107671799,-0.07364155869743864,-0.06073483634194421
2023-03,0.273037317051637,0.43460219410186546,0.48622613291971045,0.4299186962730989,-0.06701810464726765
2023-04,-0.20395723836266003,0.5794247823086758,0.5292626915784385,0.4268784968828305,-0.05472765748410711
2023-05,-0.19891063164469078,0.608256575798739,0.5275756128206839,0.427921424538276,-0.05279347045761036
2023-06,-0.3076035139199117,0.5071565444105068,0.48459754890172313,0.42275167679712894,-0.0645736453947827
2023-07,-0.33928799608204957,0.5300510446639775,0.45038919912915726,0.4042306692436993,-0.07041284575956094
2023-08,-0.012355882916643598,0.5516248564149949,0.44704658415450893,0.41428759534479687,-0.06263937619601374
2023-09,0.4863829888211888,0.2729913087775251,0.4491130300280831,0.422364556996391,-0.05607269313299074
2023-10,0.698224851208045,0.24154030423533562,0.4729284916895443,0.4464457919273941,-0.04163191697912766
2023-11,0.6859513101203275,0.307526821840867,0.5070576634426972,0.4796266145791292,-0.017657589742169768
2023-12,0.8665735494938976,0.5294402575849871,0.5612982987668617,0.5194670620130725,0.052522171651871896
2024-01,0.956542350260961,0.5371148406222117,0.5533189198301828,0.5302942527651293,0.05136735064988408
2024-02,0.8215557992445317,0.534343045372789,0.5333873590014352,0.5286078340284661,0.04208211700008568
2024-03,0.7999371789480973,0.6905116341498764,0.5325089167104359,0.5426357446566921,0.0419198456820746
2024-04,0.788032692747853,0.7077184664545865,0.5761035549526113,0.560198700278594,0.048278101896913846
2024-05,0.7481784685990639,0.706323596758666,0.6171242289794654,0.5650168284909798,0.05869661338455586
2024-06,0.6672883786319872,0.8040076226860828,0.612967790960928,0.5733857424243031,0.06689775130770928
2024-07,0.6403072121834997,0.8598128574972471,0.6490722016619308,0.5695102329988132,0.049189086641777326
2024-08,0.11854364093069243,0.5903243951086334,0.5766722671306538,0.5135518968338791,0.0341302887498925
2024-09,0.21407838810329738,0.5539570877230531,0.4357363052329858,0.5187969615760792,0.04030103180544497
2024-10,-0.6096232943627425,0.2259149449193952,0.2831641418275223,0.48669877857927285,0.030167828226924785
2024-11,-0.5733659190842552,0.14511380088899697,0.25508980763466976,0.4739991786366233,0.03036742578005518
2024-12,-0.7536799606513834,-0.1453739149757928,0.3108254669805097,0.4801632563257885,0.030878082942426985
2025-01,-0.49921393920920276,-0.020560932441713264,0.34093843029356696,0.47063363014490295,0.03045163839945225
2025-02,-0.12462200923288981,0.008346004756203264,0.34774625397820147,0.4597785053170838,0.036180286246358946
2025-03,-0.6266382735605911,-0.18182867368513053,0.24003525046308352,0.3772572566611335,0.3613405060607736
2025-04,-0.4559230488761443,-0.23443536882891822,0.17298853884074322,0.36720067296477893,0.32509829813350616
2025-05,-0.4399170125644032,-0.31711889273792193,0.11468697670431387,0.32035838936113664,0.30638848131300783
2025-06,-0.3745230471889138,-0.35645981005427146,0.15562184633436751,0.30206022128961674,0.32025907183110736
2025-07,-0.6104292929290474,-0.3568378461257881,0.17495760989196762,0.31685474975290706,0.31690779431285016
2025-08,-0.6422522881903027,-0.29686820091650934,0.14375287015917773,0.3219317284663999,0.322090393079974
2025-09,-0.3552346917610476,-0.29681603187632694,0.12179124684951236,0.1775516718434289,0.32743868258074266
2025-10,-0.9452896065055815,-0.263619194931671,-0.001579361742718576,0.09863061555084796,0.330729870298411
2025-11,0.06699145552050292,-0.24677218258778263,-0.04456831459464835,0.08772437343442431,0.3350714920567912
2025-12,0.1888681818764338,-0.24941198686608243,-0.18273509993188752,0.1125655474329554,0.3401766071287898
2026-01,0.692537188660205,-0.40954642777434097,-0.17650622877417702,0.11581360136939954,0.3469502128534189
2026-02,0.2978296620144371,-0.4580847716848865,-0.1603238222470697,0.12258588886339149,0.3477462812508013
2026-03,0.4663955634026706,-0.02680412274263271,-0.10617407688179717,0.16550904110653566,0.35373552810842457
2026-04,0.051696959359232825,-0.09272202336614246,-0.19777452722148536,0.13554432862360724,0.3564908069568255
2026-05,-0.33753216420149385,-0.048611999452376806,-0.2531959937952737,0.0966475076337561,0.3358126935150559
2026-06,-0.3601578375740547,-0.09083125154411256,-0.28977141602950535,0.1221237068978226,0.3337717696151736
2026-07,-0.30213615915405545,-0.04329988047158398,-0.2843713235798479,0.14319257933713414,0.3275897044250935
2026-08,-0.15555157113940993,-0.09317160841053447,-0.24629572539246233,0.11069116175741843,0.32472342188141956
