entering_month,shapley_entry,rho,shapley_exit,rho_before_entry,rho_after_exit,exit_reverses_entry_%
2020-03,-0.43586620115827035,-0.49473075435899205,0.5301501048638861,-0.06160756110185813,0.4299186962730988,121.63138675471184
1980-02,-0.276329805983106,0.11084361239804569,0.07542109246774159,0.39432751858901094,0.35444589901884316,27.293867992058956
2008-10,0.2380306055819312,-0.17526465137593655,-0.14308983553879515,-0.369092944981581,-0.44446203294181813,60.11404927907179
1987-11,-0.19648577338427758,0.14571677845956643,0.3985271910746966,0.33303021237041674,0.5884699842090585,202.82750461290445
1998-09,-0.1757106428623156,0.05416416524862858,0.06075292027057187,0.245468662597433,-0.21745732864305728,34.57554948346356
1970-02,-0.17044828089888053,0.1443686033798678,0.09956843560278719,0.31279734769597545,0.4193874540311165,58.4156291150022
2007-08,-0.15730609977007837,-0.0838122857978694,0.01307420435934456,0.023310277480368232,-0.21003859979526052,8.311314296428474
1966-08,0.15253589386096558,0.27030037281042313,-0.04670930201745889,0.1341079550561786,0.16315312994652292,30.62184305291041
2007-11,-0.15110708683219168,-0.20578447287470514,0.020122299648768882,-0.07564570235757084,-0.19818264169686442,13.316582346078325
2022-09,0.14597201757137654,-0.1204182951830847,-0.1500019385427538,-0.26745717541856234,0.17755167184342893,102.76074896985425
1970-05,0.13265910581738347,0.33206259183689857,-0.14498043925843623,0.1741611596761208,0.2663080991295785,109.28796660065998
1996-02,-0.1275221547621589,0.5747382466195833,0.02375369111345718,0.6958294534469092,-0.030651600069868903,18.627109271922283
2008-01,-0.12650050704840565,-0.3290262738805976,0.030077061349469025,-0.19954320009468368,-0.19855947319989906,23.77623778058058
1998-11,-0.12515519249501944,-0.0736688093586268,0.0815285776257206,0.05265910082105071,-0.14334831025875758,65.14198572221846
2018-12,-0.11376290535109768,-0.2980920423853843,0.03117581583248505,-0.18797542729550562,-0.4811641608823627,27.404201515660606
1966-02,0.10665848075099599,0.04476759772828065,-0.007547335642809128,-0.06926645022440821,0.16015792717006744,7.076170211376885
1980-05,0.10661804945304307,0.1625774331510767,-0.02175232213638817,0.05620293278774474,0.3789172373560721,20.40210100257778
2019-07,0.10509811819384085,-0.05949993731133197,-0.05749431051276606,-0.13776402184833536,-0.2812390477769655,54.70536628136834
1957-12,0.10143221853089188,-0.3642457951369368,-0.016236095452246968,-0.4607914488701903,-0.3179215649306728,16.006842487924242
1994-04,0.09577409795664563,0.43078507032351243,-0.06458034977277086,0.33539174987939846,0.47963605402570647,67.42987002812039
2008-06,0.0935426638841372,-0.35630494014746,-0.021481427733487643,-0.43191320702667574,-0.21131255443042984,22.964310445653688
1965-12,0.09306896046648262,-0.026024858959071643,-0.005452644400535903,-0.02396903461609434,0.18321140970013053,5.8587141977368375
2003-05,0.09229994957219992,-0.4423264344073531,-0.07914984276732387,-0.47590434830252626,0.19433026508278792,85.75285591614585
2018-02,0.09219375314610716,-0.230097661759859,-0.07125021194170705,-0.33019169653625974,-0.5357829308453718,77.28312332484272
1969-12,0.09197936774809182,0.35791106072662054,-0.058857069118153804,0.24387847839757867,0.30872198954720287,63.98942562787386
